"","sample_name","Symbiodinium_reads","Brevolium_reads","Cladocopium_reads","Durisdinium_read","F_reads","G_reads","Symbiodinium_proportion","Brevolium_proportion","Cladocopium_proportion","Durisdinium_proportion","Sequence_count"
"1","115_2019",95643,0,1346,98343,0,0,0.489643274015522,0,0.00689083201933119,0.503465893965147,195332
"2","189_2018",12550,0,114,164609,0,0,0.070794762879852,0,0.000643075933729333,0.928562161186419,177273
"3","149_2019",30966,0,0,133592,0,0,0.188176813038564,0,0,0.811823186961436,164558
"4","73_2019",0,0,0,142932,0,0,0,0,0,1,142932
"5","139_2018",0,0,44190,87440,0,0,0,0,0.33571374306769,0.66428625693231,131630
"6","106_2019",0,0,231,115580,0,0,0,0,0.00199462918030239,0.998005370819698,115811
"7","154_2019",24909,0,0,90890,0,0,0.21510548450332,0,0,0.78489451549668,115799
"8","105_2019",47621,0,0,66648,0,0,0.416744698912216,0,0,0.583255301087784,114269
"9","66_2019",0,0,521,100157,0,0,0,0,0.00517491408252051,0.99482508591748,100678
"10","44_2019",0,0,0,92244,0,0,0,0,0,1,92244
"11","153_2019",22050,0,0,66776,0,0,0.248238128475897,0,0,0.751761871524103,88826
"12","155_2019",3125,0,34616,49351,0,0,0.0358815964726955,0,0.397464749919625,0.566653653607679,87092
"13","57_2019",16990,0,89,69707,0,0,0.195768902818427,0,0.00102551102712419,0.803205586154449,86786
"14","249_2015b",0,0,83114,0,0,0,0,0,1,0,83114
"15","167_2019",2074,0,0,78166,0,0,0.0258474576271186,0,0,0.974152542372881,80240
"16","47_2019",0,0,628,75418,0,0,0,0,0.00825815953501828,0.991741840464982,76046
"17","341_2015c",0,0,74145,252,0,0,0,0,0.996612766643816,0.00338723335618372,74397
"18","56_2019",306,0,0,66762,0,0,0.00456253354804079,0,0,0.995437466451959,67068
"19","205_2014",0,0,66458,0,0,0,0,0,1,0,66458
"20","410_2014",0,0,62349,2924,0,0,0,0,0.955203529790265,0.0447964702097345,65273
"21","135_2019",11118,0,313,53613,0,0,0.170930447081975,0,0.00481212717545046,0.824257425742574,65044
"22","107_2019",13604,0,0,51122,0,0,0.210178290022557,0,0,0.789821709977443,64726
"23","34_2019",3904,0,0,60354,0,0,0.0607550810793987,0,0,0.939244918920601,64258
"24","101_2019",0,0,0,63445,0,0,0,0,0,1,63445
"25","133_2019",10743,0,0,52675,0,0,0.169399854930777,0,0,0.830600145069223,63418
"26","234_2015c",410,0,58747,0,0,0,0.00693070980610917,0,0.993069290193891,0,59157
"27","786_2015b",0,0,57746,0,0,0,0,0,1,0,57746
"28","500_2016a",0,0,0,56869,0,0,0,0,0,1,56869
"29","125_2019",6414,0,0,50175,0,0,0.113343582675078,0,0,0.886656417324922,56589
"30","238_2018",0,0,2167,53465,0,0,0,0,0.0389524014955421,0.961047598504458,55632
"31","783_2015c",0,0,50910,3941,0,0,0,0,0.928150808554083,0.0718491914459171,54851
"32","61_2019",0,0,0,54465,0,0,0,0,0,1,54465
"33","205_2015c",0,0,53494,0,0,0,0,0,1,0,53494
"34","70_2019",0,0,697,52139,0,0,0,0,0.0131917631917632,0.986808236808237,52836
"35","386_2015a",0,0,239,52116,0,0,0,0,0.00456498901728584,0.995435010982714,52355
"36","39_2019",0,0,0,51494,0,0,0,0,0,1,51494
"37","67_2019",0,0,0,50132,0,0,0,0,0,1,50132
"38","187_2019",0,0,403,49621,0,0,0,0,0.00805613305613306,0.991943866943867,50024
"39","245_2014",0,0,49788,0,0,0,0,0,1,0,49788
"40","373_2015c",0,0,48542,0,0,0,0,0,1,0,48542
"41","857_2015b",1220,0,43906,0,0,0,0.0270354119576297,0,0.97296458804237,0,45126
"42","147_2019",23819,0,0,20956,0,0,0.531970965940815,0,0,0.468029034059185,44775
"43","41_2019",894,0,0,43002,0,0,0.0203663203936577,0,0,0.979633679606342,43896
"44","186_2019",1944,0,0,41663,0,0,0.0445799986240741,0,0,0.955420001375926,43607
"45","52_2019",0,0,14881,28123,0,0,0,0,0.34603757789973,0.65396242210027,43004
"46","435_2014",0,0,40847,1876,0,0,0,0,0.956089225943871,0.043910774056129,42723
"47","49_2019",0,0,29296,11563,0,0,0,0,0.717002374017964,0.282997625982036,40859
"48","4_2015b",0,0,40719,0,0,0,0,0,1,0,40719
"49","788_2015b",0,0,40688,0,0,0,0,0,1,0,40688
"50","223_2014",0,0,40108,0,0,0,0,0,1,0,40108
"51","116_2019",7113,0,0,32808,0,0,0.178176899376268,0,0,0.821823100623732,39921
"52","259_2019",671,0,0,39171,0,0,0.0168415240198785,0,0,0.983158475980122,39842
"53","117_2019",1040,0,0,38332,0,0,0.026414710962105,0,0,0.973585289037895,39372
"54","99_2014",313,0,38880,0,0,0,0.00798611997040288,0,0.992013880029597,0,39193
"55","1064_2016b",1511,0,273,37341,0,0,0.0386198083067093,0,0.0069776357827476,0.954402555910543,39125
"56","174_2018",0,0,130,38873,0,0,0,0,0.00333307694279927,0.996666923057201,39003
"57","159_2018",997,0,0,37891,0,0,0.025637728862374,0,0,0.974362271137626,38888
"58","291_2019",3530,0,0,32960,0,0,0.0967388325568649,0,0,0.903261167443135,36490
"59","439_2015c",0,0,0,36262,0,0,0,0,0,1,36262
"60","807_2015b",0,0,35787,0,0,0,0,0,1,0,35787
"61","40_2018",245,0,0,35403,0,0,0.00687275583482944,0,0,0.993127244165171,35648
"62","306_2014",0,0,35482,0,0,0,0,0,1,0,35482
"63","588_2015b",0,0,35460,0,0,0,0,0,1,0,35460
"64","213_2014",0,0,35234,0,0,0,0,0,1,0,35234
"65","302_2019",11383,0,0,23568,0,0,0.32568452977025,0,0,0.67431547022975,34951
"66","89_2018",0,0,0,34699,0,0,0,0,0,1,34699
"67","72_2019",1427,0,0,32568,0,0,0.0419767612884248,0,0,0.958023238711575,33995
"68","178_2019",1557,0,0,32357,0,0,0.045910243557233,0,0,0.954089756442767,33914
"69","175_2019",313,0,718,32498,0,0,0.00933520236213427,0,0.0214142980703272,0.969250499567539,33529
"70","36_2019",0,0,0,33469,0,0,0,0,0,1,33469
"71","268_2019",6736,0,0,26187,0,0,0.204598608875254,0,0,0.795401391124746,32923
"72","696_2015c",0,0,32897,0,0,0,0,0,1,0,32897
"73","185_2019",4629,0,508,27627,0,0,0.141283115614699,0,0.0155048223660115,0.843212062019289,32764
"74","249_2014",0,0,32429,0,0,0,0,0,1,0,32429
"75","248_2014",0,0,32196,0,0,0,0,0,1,0,32196
"76","1022_2016b",0,0,0,32022,0,0,0,0,0,1,32022
"77","911_2016a",0,0,751,30880,0,0,0,0,0.0237425310613006,0.976257468938699,31631
"78","500_2015c",0,0,31460,0,0,0,0,0,1,0,31460
"79","285_2014",0,0,31009,0,0,0,0,0,1,0,31009
"80","470_2015b",0,0,0,30976,0,0,0,0,0,1,30976
"81","592_2015b",0,0,30756,0,0,0,0,0,1,0,30756
"82","11_2019",442,0,0,30308,0,0,0.0143739837398374,0,0,0.985626016260163,30750
"83","85_2018",1537,0,0,29181,0,0,0.0500358096230223,0,0,0.949964190376978,30718
"84","121_2019",0,0,0,30425,0,0,0,0,0,1,30425
"85","605_2015a",0,0,30038,316,0,0,0,0,0.989589510443434,0.0104104895565659,30354
"86","183_2019",10890,0,0,19421,0,0,0.359275510540728,0,0,0.640724489459272,30311
"87","53_2018",0,0,0,30190,0,0,0,0,0,1,30190
"88","289_2019",0,0,0,29402,0,0,0,0,0,1,29402
"89","119_2019",655,0,0,28414,0,0,0.0225325948605043,0,0,0.977467405139496,29069
"90","142_2019",0,0,736,28131,0,0,0,0,0.025496241382894,0.974503758617106,28867
"91","62_2016b",0,0,0,28762,0,0,0,0,0,1,28762
"92","727_2015c",0,0,28556,0,0,0,0,0,1,0,28556
"93","328_2015b",0,0,28520,0,0,0,0,0,1,0,28520
"94","244_2018",0,0,0,28423,0,0,0,0,0,1,28423
"95","341_2014",0,0,28348,0,0,0,0,0,1,0,28348
"96","435_2015c",0,0,22174,6120,0,0,0,0,0.783699724323178,0.216300275676822,28294
"97","1040_2016b",0,0,0,28286,0,0,0,0,0,1,28286
"98","1032_2016b",0,0,671,27486,0,0,0,0,0.0238306637781014,0.976169336221899,28157
"99","29_2014",0,0,28121,0,0,0,0,0,1,0,28121
"100","215_2019",1015,0,0,26962,0,0,0.0362798012653251,0,0,0.963720198734675,27977
"101","583_2015a",0,0,27925,0,0,0,0,0,1,0,27925
"102","594_2015c",0,0,27880,0,0,0,0,0,1,0,27880
"103","820_2015c",0,0,27768,0,0,0,0,0,1,0,27768
"104","232_2019",0,0,203,27554,0,0,0,0,0.00731347047591599,0.992686529524084,27757
"105","247_2018",0,0,0,27655,0,0,0,0,0,1,27655
"106","770_2015b",0,0,0,27295,0,0,0,0,0,1,27295
"107","30_2018",4828,0,0,22431,0,0,0.177115814960197,0,0,0.822884185039803,27259
"108","132_2019",3990,0,583,22528,0,0,0.147227039592635,0,0.0215121213239364,0.831260839083429,27101
"109","592_2015c",0,0,27031,0,0,0,0,0,1,0,27031
"110","285_2016a",0,0,19177,7802,0,0,0,0,0.710812113125023,0.289187886874977,26979
"111","637_2015b",0,0,26857,0,0,0,0,0,1,0,26857
"112","631b_2015c",0,0,26696,0,0,0,0,0,1,0,26696
"113","78_2018",0,0,0,26656,0,0,0,0,0,1,26656
"114","628_2015a",0,0,26183,193,0,0,0,0,0.992682741886564,0.00731725811343646,26376
"115","1013_2016b",0,0,0,26136,0,0,0,0,0,1,26136
"116","788_2015c",0,0,26041,0,0,0,0,0,1,0,26041
"117","177_2018",251,0,4702,21054,0,0,0.00965124774099281,0,0.180797477602184,0.809551274656823,26007
"118","856_2015b",0,0,26000,0,0,0,0,0,1,0,26000
"119","1022_2017",12633,0,0,13176,0,0,0.489480413809136,0,0,0.510519586190864,25809
"120","856_2015c",0,0,25746,0,0,0,0,0,1,0,25746
"121","161_2014",0,0,25018,485,0,0,0,0,0.980982629494569,0.0190173705054307,25503
"122","722_2015b",0,0,0,25460,0,0,0,0,0,1,25460
"123","792_2015c",0,0,25061,363,0,0,0,0,0.985722152297042,0.0142778477029578,25424
"124","1024_2016b",1686,0,0,23604,0,0,0.0666666666666667,0,0,0.933333333333333,25290
"125","24_2018",0,0,0,25185,0,0,0,0,0,1,25185
"126","454_2014",0,0,0,25145,0,0,0,0,0,1,25145
"127","42_2018",950,0,150,23979,0,0,0.0378802982575063,0,0.00598109972486941,0.956138602017624,25079
"128","719_2015b",0,0,24972,0,0,0,0,0,1,0,24972
"129","43_2018",819,0,2332,21811,0,0,0.032809871003926,0,0.0934220014421921,0.873768127553882,24962
"130","719_2015c",0,0,24960,0,0,0,0,0,1,0,24960
"131","482_2014",0,0,0,24710,0,0,0,0,0,1,24710
"132","792_2016b",502,0,2076,21905,0,0,0.0205040231997713,0,0.0847935302046318,0.894702446595597,24483
"133","74_2018",0,0,10223,14138,0,0,0,0,0.419646155740733,0.580353844259267,24361
"134","857_2015c",9976,0,14317,0,0,0,0.410653274605854,0,0.589346725394146,0,24293
"135","783_2015b",0,0,24071,210,0,0,0,0,0.991351262303859,0.00864873769614102,24281
"136","487_2015c",0,0,165,23750,0,0,0,0,0.00689943550073176,0.993100564499268,23915
"137","470_2014",0,0,247,23432,0,0,0,0,0.0104311837493137,0.989568816250686,23679
"138","810_2015b",0,0,23548,0,0,0,0,0,1,0,23548
"139","412_2014",0,0,23537,0,0,0,0,0,1,0,23537
"140","824_2015b",0,0,23384,0,0,0,0,0,1,0,23384
"141","373_2014",0,0,23374,0,0,0,0,0,1,0,23374
"142","400_2015c",0,0,23144,0,0,0,0,0,1,0,23144
"143","103_2018",0,0,0,22883,0,0,0,0,0,1,22883
"144","62_2015c",0,0,726,21976,0,0,0,0,0.0319795612721346,0.968020438727865,22702
"145","235_2019",1107,0,0,21502,0,0,0.0489628024238135,0,0,0.951037197576186,22609
"146","34_2015c",0,0,22584,0,0,0,0,0,1,0,22584
"147","1028_2016b",0,0,0,22551,0,0,0,0,0,1,22551
"148","1036_2016b",1445,0,0,20944,0,0,0.064540622627183,0,0,0.935459377372817,22389
"149","181_2019",0,0,213,21780,0,0,0,0,0.00968489974082663,0.990315100259173,21993
"150","850_2016b",0,0,0,21983,0,0,0,0,0,1,21983
"151","212_2019",0,0,0,21836,0,0,0,0,0,1,21836
"152","231_2019",0,0,222,21575,0,0,0,0,0.0101848878286003,0.9898151121714,21797
"153","238_2019",0,0,185,21610,0,0,0,0,0.00848818536361551,0.991511814636384,21795
"154","10_2019",0,0,0,21773,0,0,0,0,0,1,21773
"155","328_2014",0,0,21662,0,0,0,0,0,1,0,21662
"156","147_2018",0,0,0,21567,0,0,0,0,0,1,21567
"157","592_2016b",0,0,1066,20484,0,0,0,0,0.0494663573085847,0.950533642691415,21550
"158","129_2019",929,0,0,20595,0,0,0.0431611224679428,0,0,0.956838877532057,21524
"159","161_2015c",0,0,21488,0,0,0,0,0,1,0,21488
"160","1055_2016b",2263,0,0,19147,0,0,0.105698271835591,0,0,0.894301728164409,21410
"161","219_2019",0,0,0,21237,0,0,0,0,0,1,21237
"162","820_2015b",0,0,21014,0,0,0,0,0,1,0,21014
"163","160_2019",0,0,0,20959,0,0,0,0,0,1,20959
"164","248_2018",358,0,0,20581,0,0,0.0170972825827403,0,0,0.98290271741726,20939
"165","66_2018",0,0,220,20697,0,0,0,0,0.0105177606731367,0.989482239326863,20917
"166","1020_2016b",0,0,0,20816,0,0,0,0,0,1,20816
"167","228_2019",1729,0,0,18968,0,0,0.0835386771029618,0,0,0.916461322897038,20697
"168","792_2015b",0,0,20677,0,0,0,0,0,1,0,20677
"169","156_2018",2312,0,0,18284,0,0,0.112254806758594,0,0,0.887745193241406,20596
"170","299_2014",0,0,20456,0,0,0,0,0,1,0,20456
"171","224_2019",2449,0,0,17975,0,0,0.119907951429691,0,0,0.880092048570309,20424
"172","726_2015b",0,0,256,20162,0,0,0,0,0.0125379567048683,0.987462043295132,20418
"173","754_2015b",457,0,254,19676,0,0,0.0224162456467357,0,0.0124589198999362,0.965124834453328,20387
"174","28_2018",0,0,0,20385,0,0,0,0,0,1,20385
"175","151_2018",965,0,0,19168,0,0,0.0479312571400189,0,0,0.952068742859981,20133
"176","770_2016b",0,0,0,20110,0,0,0,0,0,1,20110
"177","813_2015b",0,0,20008,0,0,0,0,0,1,0,20008
"178","1_2018",1822,0,0,18161,0,0,0.0911775008757444,0,0,0.908822499124256,19983
"179","1065_2016b",0,0,0,19947,0,0,0,0,0,1,19947
"180","389_2015b",0,0,19933,0,0,0,0,0,1,0,19933
"181","623_2015c",0,0,19903,0,0,0,0,0,1,0,19903
"182","850_2015c",0,0,7435,12250,0,0,0,0,0.377698755397511,0.622301244602489,19685
"183","20_2018",0,0,0,19677,0,0,0,0,0,1,19677
"184","492_2015c",0,0,204,19450,0,0,0,0,0.0103795665004579,0.989620433499542,19654
"185","911_2016b",0,0,329,19312,0,0,0,0,0.0167506746092358,0.983249325390764,19641
"186","241_2018",0,0,0,19592,0,0,0,0,0,1,19592
"187","371_2014",0,0,19552,0,0,0,0,0,1,0,19552
"188","144_2019",8925,0,0,10405,0,0,0.461717537506467,0,0,0.538282462493533,19330
"189","623_2015a",0,0,19155,0,0,0,0,0,1,0,19155
"190","352_2014",0,0,19076,0,0,0,0,0,1,0,19076
"191","2_2018",953,0,0,18122,0,0,0.0499606815203145,0,0,0.950039318479685,19075
"192","29_2015b",0,0,19040,0,0,0,0,0,1,0,19040
"193","1017_2016b",0,0,0,19028,0,0,0,0,0,1,19028
"194","786_2016b",0,0,0,19024,0,0,0,0,0,1,19024
"195","242_2014",0,0,0,18950,0,0,0,0,0,1,18950
"196","190_873_2015c",0,0,18941,0,0,0,0,0,1,0,18941
"197","223_2018",0,0,0,18897,0,0,0,0,0,1,18897
"198","138_2018",0,0,0,18868,0,0,0,0,0,1,18868
"199","168_2018",0,0,0,18844,0,0,0,0,0,1,18844
"200","1240_2017",0,0,276,18558,0,0,0,0,0.0146543485186365,0.985345651481363,18834
"201","781_2015b",0,0,18770,0,0,0,0,0,1,0,18770
"202","213_2015c",0,0,18665,0,0,0,0,0,1,0,18665
"203","1031_2016b",0,0,0,18535,0,0,0,0,0,1,18535
"204","3_2018",0,0,0,18407,0,0,0,0,0,1,18407
"205","62_2015a",0,0,18310,0,0,0,0,0,1,0,18310
"206","47_2018",0,0,0,18293,0,0,0,0,0,1,18293
"207","754_899_1060_2016b",0,0,0,18167,0,0,0,0,0,1,18167
"208","1050_2016b",0,0,3261,14868,0,0,0,0,0.179877544266093,0.820122455733907,18129
"209","13_2018",0,0,0,18120,0,0,0,0,0,1,18120
"210","1061_2016b",0,0,0,18109,0,0,0,0,0,1,18109
"211","113_2018",0,0,0,18067,0,0,0,0,0,1,18067
"212","83_2018",0,0,0,18052,0,0,0,0,0,1,18052
"213","412_892_2015c",0,0,18045,0,0,0,0,0,1,0,18045
"214","810_2015c",0,0,18018,0,0,0,0,0,1,0,18018
"215","834_947_2016b",4845,0,0,13164,0,0,0.269032150591371,0,0,0.730967849408629,18009
"216","109_2018",0,0,0,17966,0,0,0,0,0,1,17966
"217","200_2018",193,0,0,17746,0,0,0.0107586822007916,0,0,0.989241317799208,17939
"218","605_2016b",0,0,0,17924,0,0,0,0,0,1,17924
"219","29_2018",456,0,0,17444,0,0,0.0254748603351955,0,0,0.974525139664804,17900
"220","696_2015b",0,0,17898,0,0,0,0,0,1,0,17898
"221","2_2019",1588,0,0,16277,0,0,0.0888888888888889,0,0,0.911111111111111,17865
"222","31_2018",475,0,0,17307,0,0,0.0267124058036216,0,0,0.973287594196378,17782
"223","192_2015c",0,0,17770,0,0,0,0,0,1,0,17770
"224","172_2018",0,0,0,17761,0,0,0,0,0,1,17761
"225","94_2018",0,0,0,17709,0,0,0,0,0,1,17709
"226","84_2018",0,0,0,17696,0,0,0,0,0,1,17696
"227","656_2015c",0,0,17239,408,0,0,0,0,0.976879922933076,0.0231200770669236,17647
"228","788_2016b",0,0,257,17384,0,0,0,0,0.0145683351283941,0.985431664871606,17641
"229","1005_2016b",0,0,664,16966,0,0,0,0,0.0376630743051617,0.962336925694838,17630
"230","23_2018",0,0,0,17615,0,0,0,0,0,1,17615
"231","925_2016b",879,0,0,16683,0,0,0.050051247010591,0,0,0.949948752989409,17562
"232","612_2015a",0,0,17557,0,0,0,0,0,1,0,17557
"233","108_2019",1176,0,0,16369,0,0,0.0670276432031918,0,0,0.932972356796808,17545
"234","379_2015c",0,0,17115,428,0,0,0,0,0.975602804537422,0.0243971954625777,17543
"235","231_2014",0,0,17512,0,0,0,0,0,1,0,17512
"236","439_2014",0,0,516,16973,0,0,0,0,0.0295042598204586,0.970495740179541,17489
"237","800_2015b",0,0,17474,0,0,0,0,0,1,0,17474
"238","306_2019",0,0,0,17395,0,0,0,0,0,1,17395
"239","237_2019",0,0,0,17263,0,0,0,0,0,1,17263
"240","1033_2016b",0,0,0,17237,0,0,0,0,0,1,17237
"241","127_2018",375,0,0,16842,0,0,0.0217807980484405,0,0,0.97821920195156,17217
"242","486_2015b",0,0,1255,15899,0,0,0,0,0.0731607788270957,0.926839221172904,17154
"243","110_2018",0,0,0,17144,0,0,0,0,0,1,17144
"244","157_2015c",0,0,17115,0,0,0,0,0,1,0,17115
"245","252_2019",0,0,0,17069,0,0,0,0,0,1,17069
"246","9_2019",300,0,0,16753,0,0,0.0175922125139272,0,0,0.982407787486073,17053
"247","131_2018",0,0,183,16857,0,0,0,0,0.0107394366197183,0.989260563380282,17040
"248","314_1088_2016b",1277,0,0,15743,0,0,0.0750293772032902,0,0,0.92497062279671,17020
"249","145_2018",293,0,0,16714,0,0,0.0172282001528782,0,0,0.982771799847122,17007
"250","389_2014",0,0,0,16981,0,0,0,0,0,1,16981
"251","125_2018",0,0,0,16966,0,0,0,0,0,1,16966
"252","117_2018",2873,0,0,13846,0,0,0.171840421077816,0,0,0.828159578922184,16719
"253","231_2015c",0,0,16715,0,0,0,0,0,1,0,16715
"254","249_2018",0,0,0,16700,0,0,0,0,0,1,16700
"255","99_2015b",0,0,16635,0,0,0,0,0,1,0,16635
"256","936_2016b",351,0,0,16280,0,0,0.0211051650532139,0,0,0.978894834946786,16631
"257","50_2018",0,0,0,16616,0,0,0,0,0,1,16616
"258","482_2015c",0,0,0,16588,0,0,0,0,0,1,16588
"259","305_2019",0,0,0,16542,0,0,0,0,0,1,16542
"260","807_2015c",0,0,16503,0,0,0,0,0,1,0,16503
"261","71_2018",0,0,0,16500,0,0,0,0,0,1,16500
"262","99_2016b",2967,0,0,13528,0,0,0.179872688693544,0,0,0.820127311306457,16495
"263","844_2016b",0,0,9063,7340,0,0,0,0,0.552520880326769,0.447479119673231,16403
"264","80_2018",0,0,7866,8527,0,0,0,0,0.479838955651803,0.520161044348197,16393
"265","233_2018",0,0,0,16356,0,0,0,0,0,1,16356
"266","1068_2016b",6430,0,0,9844,0,0,0.395108762443161,0,0,0.604891237556839,16274
"267","122_2018",0,0,0,16256,0,0,0,0,0,1,16256
"268","466_2015c",1104,0,0,15137,0,0,0.0679761098454529,0,0,0.932023890154547,16241
"269","253_2015b",0,0,16102,0,0,0,0,0,1,0,16102
"270","35_2018",509,0,0,15560,0,0,0.0316758976912067,0,0,0.968324102308793,16069
"271","170_2018",1771,0,0,14289,0,0,0.11027397260274,0,0,0.88972602739726,16060
"272","191_2019",2296,0,0,13736,0,0,0.143213572854291,0,0,0.856786427145709,16032
"273","256_2019",383,0,0,15644,0,0,0.0238971735196855,0,0,0.976102826480314,16027
"274","48_2018",0,0,7582,8330,0,0,0,0,0.476495726495726,0.523504273504274,15912
"275","229_2018",0,0,0,15794,0,0,0,0,0,1,15794
"276","121_2018",0,0,0,15713,0,0,0,0,0,1,15713
"277","583b_2016b",0,0,2100,13599,0,0,0,0,0.133766481941525,0.866233518058475,15699
"278","783_2016b",0,0,0,15679,0,0,0,0,0,1,15679
"279","410_893_2015c",0,0,6791,8751,0,0,0,0,0.436945052116845,0.563054947883155,15542
"280","439_2015b",0,0,0,15429,0,0,0,0,0,1,15429
"281","1034_2016b",0,0,0,15392,0,0,0,0,0,1,15392
"282","656_1075_2016b",0,0,8786,6482,0,0,0,0,0.575451925596018,0.424548074403982,15268
"283","597_2015a",0,0,15164,0,0,0,0,0,1,0,15164
"284","1008_2017",8848,0,0,6306,0,0,0.583872244951828,0,0,0.416127755048172,15154
"285","26_2019",1397,0,0,13694,0,0,0.0925717314955934,0,0,0.907428268504407,15091
"286","820_2016b",3121,0,0,11888,0,0,0.207941901525751,0,0,0.792058098474249,15009
"287","116_2018",331,0,5877,8785,0,0,0.0220769692523177,0,0.39198292536517,0.585940105382512,14993
"288","19_2019",0,0,0,14986,0,0,0,0,0,1,14986
"289","1032_2017",0,0,309,14673,0,0,0,0,0.0206247496996396,0.97937525030036,14982
"290","290_2014",0,0,14887,0,0,0,0,0,1,0,14887
"291","612_2016b",0,0,0,14886,0,0,0,0,0,1,14886
"292","612_2015c",0,0,14879,0,0,0,0,0,1,0,14879
"293","919_2016b",1041,0,0,13828,0,0,0.0700114331831327,0,0,0.929988566816867,14869
"294","909_2016b",386,0,0,14403,0,0,0.0261004800865508,0,0,0.973899519913449,14789
"295","902_2016b",0,0,0,14789,0,0,0,0,0,1,14789
"296","727_2015b",0,0,14778,0,0,0,0,0,1,0,14778
"297","1023_2016b",0,0,0,14710,0,0,0,0,0,1,14710
"298","75_2018",0,0,1807,12889,0,0,0,0,0.122958628198149,0.877041371801851,14696
"299","157_2018",316,0,0,14344,0,0,0.0215552523874488,0,0,0.978444747612551,14660
"300","742_2015c",0,0,561,14048,0,0,0,0,0.0384009856937504,0.96159901430625,14609
"301","73_2018",0,0,14609,0,0,0,0,0,1,0,14609
"302","148_2018",614,0,0,13952,0,0,0.0421529589454895,0,0,0.95784704105451,14566
"303","786_2015c",0,0,14563,0,0,0,0,0,1,0,14563
"304","685_2015b",0,0,0,14552,0,0,0,0,0,1,14552
"305","11_2018",0,0,0,14536,0,0,0,0,0,1,14536
"306","207_2018",0,0,0,14523,0,0,0,0,0,1,14523
"307","1037_2016b",0,0,0,14519,0,0,0,0,0,1,14519
"308","1068_2017",11124,0,0,3309,0,0,0.770733735190189,0,0,0.229266264809811,14433
"309","736_2015b",0,0,644,13773,0,0,0,0,0.0446694874106957,0.955330512589304,14417
"310","402_2015c",0,0,14321,0,0,0,0,0,1,0,14321
"311","111_2018",937,0,0,13349,0,0,0.0655886882262355,0,0,0.934411311773765,14286
"312","479_2014",0,0,583,13508,0,0,0,0,0.0413739266198283,0.958626073380172,14091
"313","1229_2017",491,0,0,13550,0,0,0.0349690193006196,0,0,0.96503098069938,14041
"314","8_2019",0,0,3292,10735,0,0,0,0,0.234690240250945,0.765309759749055,14027
"315","1011_2016b",0,0,0,13965,0,0,0,0,0,1,13965
"316","1_2019",0,0,0,13919,0,0,0,0,0,1,13919
"317","4_2014",0,0,13889,0,0,0,0,0,1,0,13889
"318","487_2015b",0,0,767,12949,0,0,0,0,0.0559200933216681,0.944079906678332,13716
"319","906_2016b",420,0,642,12571,0,0,0.0308075992078046,0,0.0470916159319299,0.922100784860266,13633
"320","497_745_2016a",0,0,0,13500,0,0,0,0,0,1,13500
"321","1028_2017",5229,0,0,8264,0,0,0.387534277032535,0,0,0.612465722967465,13493
"322","729_2016b",0,0,220,13201,0,0,0,0,0.0163922211459653,0.983607778854035,13421
"323","18_2018",0,0,0,13419,0,0,0,0,0,1,13419
"324","181_2018",0,0,0,13397,0,0,0,0,0,1,13397
"325","22_2019",0,0,0,13392,0,0,0,0,0,1,13392
"326","588_1227_2016b",0,0,4926,8423,0,0,0,0,0.369016405723275,0.630983594276725,13349
"327","594_2016b",0,0,13343,0,0,0,0,0,1,0,13343
"328","262_2019",0,0,0,13314,0,0,0,0,0,1,13314
"329","770_2016a",0,0,0,13291,0,0,0,0,0,1,13291
"330","203_2018",2305,0,0,10979,0,0,0.173517012947907,0,0,0.826482987052093,13284
"331","500_2016b",0,0,0,13272,0,0,0,0,0,1,13272
"332","197_2018",0,0,448,12766,0,0,0,0,0.0339034357499622,0.966096564250038,13214
"333","6_2019",0,0,13210,0,0,0,0,0,1,0,13210
"334","386_2016a",0,0,0,13194,0,0,0,0,0,1,13194
"335","300_2019",1241,0,0,11932,0,0,0.0942078493889015,0,0,0.905792150611098,13173
"336","223_2015c",0,0,13160,0,0,0,0,0,1,0,13160
"337","1009_2016b",0,0,0,13158,0,0,0,0,0,1,13158
"338","164_1143_2014",6198,0,164,6778,0,0,0.471689497716895,0,0.0124809741248097,0.515829528158295,13140
"339","235_2018",1169,0,0,11938,0,0,0.0891889829861906,0,0,0.910811017013809,13107
"340","618_2016b",0,0,182,12922,0,0,0,0,0.0138888888888889,0.986111111111111,13104
"341","82_2018",0,0,5613,7450,0,0,0,0,0.429686901936768,0.570313098063232,13063
"342","768_2015b",0,0,0,13054,0,0,0,0,0,1,13054
"343","234_2014",0,0,13003,0,0,0,0,0,1,0,13003
"344","34_2018",2536,0,0,10332,0,0,0.197078023002798,0,0,0.802921976997202,12868
"345","781_2015c",0,0,12868,0,0,0,0,0,1,0,12868
"346","296_2019",0,0,732,12121,0,0,0,0,0.0569516844316502,0.94304831556835,12853
"347","928_2016a",0,0,0,12848,0,0,0,0,0,1,12848
"348","628_2015c",0,0,9471,3335,0,0,0,0,0.73957519912541,0.26042480087459,12806
"349","583b_2017",0,0,6838,5939,0,0,0,0,0.535180402285356,0.464819597714643,12777
"350","1089_2016b",635,0,0,11945,0,0,0.0504769475357711,0,0,0.949523052464229,12580
"351","813_2015c",0,0,12523,0,0,0,0,0,1,0,12523
"352","788_2017",3013,0,2232,7274,0,0,0.240674175253615,0,0.178289000718907,0.581036824027478,12519
"353","1056_2016b",0,0,0,12464,0,0,0,0,0,1,12464
"354","157_2014",0,0,12273,0,0,0,0,0,1,0,12273
"355","1009_2016a",0,0,0,12270,0,0,0,0,0,1,12270
"356","246_2019",0,0,0,11997,0,0,0,0,0,1,11997
"357","213_2019",0,0,11842,0,0,0,0,0,1,0,11842
"358","497_745_2014",0,0,1192,10546,0,0,0,0,0.101550519679673,0.898449480320327,11738
"359","439_2016b",0,0,0,11657,0,0,0,0,0,1,11657
"360","278_2014",0,0,11608,0,0,0,0,0,1,0,11608
"361","266_2014",0,0,8073,3477,0,0,0,0,0.698961038961039,0.301038961038961,11550
"362","12_2019",0,0,0,11541,0,0,0,0,0,1,11541
"363","KI17FQ59",0,0,0,11443,0,0,0,0,0,1,11443
"364","199_2019",0,0,0,11380,0,0,0,0,0,1,11380
"365","261_2019",0,0,0,11330,0,0,0,0,0,1,11330
"366","1214_2017",6755,0,0,4567,0,0,0.596626037802508,0,0,0.403373962197492,11322
"367","937_2016a",0,0,0,11286,0,0,0,0,0,1,11286
"368","193_2019",0,0,0,11201,0,0,0,0,0,1,11201
"369","813_2017",0,0,0,11152,0,0,0,0,0,1,11152
"370","1008_2016b",0,0,0,11126,0,0,0,0,0,1,11126
"371","772_2015c",0,0,216,10869,0,0,0,0,0.0194857916102842,0.980514208389716,11085
"372","1134_2017",8060,0,0,3020,0,0,0.727436823104693,0,0,0.272563176895307,11080
"373","99_2015a",0,0,11078,0,0,0,0,0,1,0,11078
"374","797_2015c",0,0,11037,0,0,0,0,0,1,0,11037
"375","482_897_2016b",0,0,0,10915,0,0,0,0,0,1,10915
"376","473_2014",0,0,1413,9499,0,0,0,0,0.129490469208211,0.870509530791789,10912
"377","69_2018",0,0,6179,4708,0,0,0,0,0.567557637549371,0.432442362450629,10887
"378","637_2015a",0,0,10739,0,0,0,0,0,1,0,10739
"379","1065b_2017",1014,0,0,9717,0,0,0.0944925915571708,0,0,0.905507408442829,10731
"380","844_2015b",0,0,10661,0,0,0,0,0,1,0,10661
"381","588_2016a",0,0,3248,7405,0,0,0,0,0.304890641133953,0.695109358866047,10653
"382","209_2018",0,0,0,10620,0,0,0,0,0,1,10620
"383","1231_2017",0,0,0,10614,0,0,0,0,0,1,10614
"384","850_2015b",0,0,10543,0,0,0,0,0,1,0,10543
"385","770_2015c",0,0,553,9943,0,0,0,0,0.0526867378048781,0.947313262195122,10496
"386","824_2015c",0,0,10439,0,0,0,0,0,1,0,10439
"387","185_2018",393,0,0,10000,0,0,0.037813913210815,0,0,0.962186086789185,10393
"388","171_2018",0,0,0,10345,0,0,0,0,0,1,10345
"389","1121_2017",6605,0,0,3739,0,0,0.63853441608662,0,0,0.36146558391338,10344
"390","167_2018",258,0,0,10078,0,0,0.0249613003095975,0,0,0.975038699690402,10336
"391","1098_2017",0,0,0,10303,0,0,0,0,0,1,10303
"392","293_2019",0,0,0,10215,0,0,0,0,0,1,10215
"393","592_2017",0,0,865,9332,0,0,0,0,0.0848288712366382,0.915171128763362,10197
"394","1111_2017",0,0,0,10142,0,0,0,0,0,1,10142
"395","933_2016b",0,0,0,10129,0,0,0,0,0,1,10129
"396","597_1228_2016b",0,0,1411,8693,0,0,0,0,0.13964766429137,0.86035233570863,10104
"397","164_1143_2014_1",3979,0,0,5978,0,0,0.399618358943457,0,0,0.600381641056543,9957
"398","206_2018",1312,0,0,8578,0,0,0.132659251769464,0,0,0.867340748230536,9890
"399","328_2016b",230,0,0,9654,0,0,0.0232699312019425,0,0,0.976730068798057,9884
"400","141_2018",0,0,2155,7491,0,0,0,0,0.223408666804893,0.776591333195107,9646
"401","190_873_2014",0,0,9637,0,0,0,0,0,1,0,9637
"402","1049_2016b",1868,0,0,7635,0,0,0.196569504367042,0,0,0.803430495632958,9503
"403","379_2014",0,0,9405,0,0,0,0,0,1,0,9405
"404","588_2017",0,0,1655,7747,0,0,0,0,0.176026377366518,0.823973622633482,9402
"405","15_2019",1978,0,0,7369,0,0,0.211618701187547,0,0,0.788381298812453,9347
"406","497_745_2015b",0,0,0,9318,0,0,0,0,0,1,9318
"407","54_2018",404,0,0,8901,0,0,0.0434175174637292,0,0,0.956582482536271,9305
"408","1005_2017",2525,0,0,6702,0,0,0.273653408475127,0,0,0.726346591524873,9227
"409","23_2019",0,0,137,9088,0,0,0,0,0.0148509485094851,0.985149051490515,9225
"410","KI17FQ10",0,0,0,9069,0,0,0,0,0,1,9069
"411","455_2014",0,0,0,9043,0,0,0,0,0,1,9043
"412","820_2017",810,0,305,7877,0,0,0.0900800711743772,0,0.0339190391459075,0.876000889679715,8992
"413","762_2015b",0,0,0,8949,0,0,0,0,0,1,8949
"414","258_2014",0,0,0,8911,0,0,0,0,0,1,8911
"415","937_2016b",0,0,0,8907,0,0,0,0,0,1,8907
"416","200_2019",0,0,0,8899,0,0,0,0,0,1,8899
"417","192_2014",0,0,8800,0,0,0,0,0,1,0,8800
"418","925_2017",0,0,0,8723,0,0,0,0,0,1,8723
"419","857_2016b",399,0,0,8323,0,0,0.0457463884430177,0,0,0.954253611556982,8722
"420","1159_2017",0,0,0,8674,0,0,0,0,0,1,8674
"421","210_2019",0,0,0,8606,0,0,0,0,0,1,8606
"422","492_2015b",0,0,1914,6650,0,0,0,0,0.223493694535264,0.776506305464736,8564
"423","466_2015b",0,0,0,8559,0,0,0,0,0,1,8559
"424","772_2015b",0,0,0,8491,0,0,0,0,0,1,8491
"425","726_2015c",0,0,0,8361,0,0,0,0,0,1,8361
"426","341_2015c_1",0,0,8264,0,0,0,0,0,1,0,8264
"427","220_2019",456,0,0,7784,0,0,0.0553398058252427,0,0,0.944660194174757,8240
"428","1013_2017",2589,0,0,5638,0,0,0.314695514768445,0,0,0.685304485231555,8227
"429","353_2015c",0,0,8219,0,0,0,0,0,1,0,8219
"430","236_2019",0,0,0,8210,0,0,0,0,0,1,8210
"431","588_2015a",0,0,8197,0,0,0,0,0,1,0,8197
"432","1218_2017",0,0,0,7955,0,0,0,0,0,1,7955
"433","KI17FQ350",0,0,0,7949,0,0,0,0,0,1,7949
"434","1236_2017",0,0,0,7942,0,0,0,0,0,1,7942
"435","435_2015b",0,0,7320,618,0,0,0,0,0.922146636432351,0.0778533635676493,7938
"436","1154_2017",0,0,0,7853,0,0,0,0,0,1,7853
"437","150_2018",0,0,7851,0,0,0,0,0,1,0,7851
"438","449_2014",0,0,0,7838,0,0,0,0,0,1,7838
"439","1096_2017",0,0,0,7778,0,0,0,0,0,1,7778
"440","1034_2016a",0,0,300,7419,0,0,0,0,0.0388651379712398,0.96113486202876,7719
"441","298_2014",0,0,7654,0,0,0,0,0,1,0,7654
"442","824_2016b",0,0,0,7518,0,0,0,0,0,1,7518
"443","583_2015c",0,0,7375,0,0,0,0,0,1,0,7375
"444","226_2019",464,0,0,6880,0,0,0.0631808278867102,0,0,0.93681917211329,7344
"445","1252_2017",0,0,593,6557,0,0,0,0,0.0829370629370629,0.917062937062937,7150
"446","1023_2017",1401,0,0,5734,0,0,0.19635599159075,0,0,0.80364400840925,7135
"447","844_2015c",0,0,7078,0,0,0,0,0,1,0,7078
"448","1110_2017",420,0,0,6644,0,0,0.0594563986409966,0,0,0.940543601359003,7064
"449","1212_2017",0,0,0,7019,0,0,0,0,0,1,7019
"450","1080_2017",643,0,0,6374,0,0,0.0916346016816303,0,0,0.90836539831837,7017
"451","729_2017",0,0,0,7014,0,0,0,0,0,1,7014
"452","228_2018",0,0,0,7006,0,0,0,0,0,1,7006
"453","KI17FQ147",0,0,0,6952,0,0,0,0,0,1,6952
"454","465_2014",0,0,0,6944,0,0,0,0,0,1,6944
"455","1024_2017",2784,0,0,4108,0,0,0.403946604759141,0,0,0.596053395240859,6892
"456","497_745_2016b",0,0,0,6860,0,0,0,0,0,1,6860
"457","857_2016a",248,0,0,6564,0,0,0.0364063417498532,0,0,0.963593658250147,6812
"458","797_2015b",0,0,6775,0,0,0,0,0,1,0,6775
"459","184_2018",876,0,0,5843,0,0,0.130376544128591,0,0,0.869623455871409,6719
"460","466_2015a",0,0,0,6683,0,0,0,0,0,1,6683
"461","1036_2017",213,0,0,6415,0,0,0.0321363910681955,0,0,0.967863608931804,6628
"462","353_2015b",0,0,6628,0,0,0,0,0,1,0,6628
"463","1076_2017",0,0,0,6609,0,0,0,0,0,1,6609
"464","788_2016a",0,0,652,5956,0,0,0,0,0.0986682808716707,0.901331719128329,6608
"465","1033_2016a",0,0,0,6503,0,0,0,0,0,1,6503
"466","1017_2017",215,0,0,6205,0,0,0.0334890965732087,0,0,0.966510903426791,6420
"467","439_2016a",0,0,0,6382,0,0,0,0,0,1,6382
"468","628_2017",0,0,2775,3485,0,0,0,0,0.443290734824281,0.556709265175719,6260
"469","605_2017",0,0,0,6204,0,0,0,0,0,1,6204
"470","857_2016a_1",508,0,0,5659,0,0,0.0823739257337441,0,0,0.917626074266256,6167
"471","1078_2017",0,0,0,6108,0,0,0,0,0,1,6108
"472","792_2017",0,0,0,6098,0,0,0,0,0,1,6098
"473","271_2015b",0,0,0,6089,0,0,0,0,0,1,6089
"474","351_2014",0,0,6069,0,0,0,0,0,1,0,6069
"475","164_1143_2017",0,0,0,6009,0,0,0,0,0,1,6009
"476","1013_2016a",0,0,5985,0,0,0,0,0,1,0,5985
"477","824_2017",0,0,0,5958,0,0,0,0,0,1,5958
"478","594_2015a",0,0,5939,0,0,0,0,0,1,0,5939
"479","1031_2017",2429,0,0,3464,0,0,0.412183947055829,0,0,0.587816052944171,5893
"480","1233_2017",0,0,0,5893,0,0,0,0,0,1,5893
"481","722_2015c",0,0,0,5763,0,0,0,0,0,1,5763
"482","353_2014",0,0,3253,2490,0,0,0,0,0.566428695803587,0.433571304196413,5743
"483","157_2017",2227,0,0,3487,0,0,0.389744487224361,0,0,0.610255512775639,5714
"484","1020_2016a",0,0,0,5700,0,0,0,0,0,1,5700
"485","205_2016a",0,0,0,5698,0,0,0,0,0,1,5698
"486","745_2017",0,0,0,5665,0,0,0,0,0,1,5665
"487","4_2015c",0,0,5592,0,0,0,0,0,1,0,5592
"488","937_2017",0,0,0,5591,0,0,0,0,0,1,5591
"489","1036_2016a",0,0,0,5558,0,0,0,0,0,1,5558
"490","1030b_2017",0,0,0,5500,0,0,0,0,0,1,5500
"491","1093_2017",0,0,0,5476,0,0,0,0,0,1,5476
"492","786_2017",0,0,0,5388,0,0,0,0,0,1,5388
"493","1219_2017",455,0,0,4901,0,0,0.0849514563106796,0,0,0.91504854368932,5356
"494","1211_2017",0,0,0,5346,0,0,0,0,0,1,5346
"495","1165_2017",0,0,0,5319,0,0,0,0,0,1,5319
"496","1119_2017",0,0,0,5272,0,0,0,0,0,1,5272
"497","255_2019",0,0,0,5262,0,0,0,0,0,1,5262
"498","442_2015b",0,0,0,5212,0,0,0,0,0,1,5212
"499","62_2014",0,0,5204,0,0,0,0,0,1,0,5204
"500","1157_2017",2031,0,328,2840,0,0,0.39065204847086,0,0.063089055587613,0.546258895941527,5199
"501","271_2014",0,0,0,5182,0,0,0,0,0,1,5182
"502","253_2014",0,0,5179,0,0,0,0,0,1,0,5179
"503","386_2015c",0,0,714,4430,0,0,0,0,0.138802488335925,0.861197511664075,5144
"504","500_2014",0,0,5107,0,0,0,0,0,1,0,5107
"505","1011_2017",377,0,0,4728,0,0,0.0738491674828599,0,0,0.92615083251714,5105
"506","1217_2017",440,0,0,4650,0,0,0.0864440078585462,0,0,0.913555992141454,5090
"507","807_2017",0,0,0,5056,0,0,0,0,0,1,5056
"508","1020_2017",696,0,0,4357,0,0,0.137739956461508,0,0,0.862260043538492,5053
"509","447_2014",0,0,4435,554,0,0,0,0,0.8889557025456,0.1110442974544,4989
"510","729_2015c",0,0,0,4930,0,0,0,0,0,1,4930
"511","786_2016a",0,0,0,4928,0,0,0,0,0,1,4928
"512","1221_2017",552,0,0,4325,0,0,0.113184334631946,0,0,0.886815665368054,4877
"513","379_2017",3035,0,0,1783,0,0,0.629929431299294,0,0,0.370070568700706,4818
"514","810b_1435_2016b",250,0,0,4533,0,0,0.0522684507631194,0,0,0.947731549236881,4783
"515","1131_2017",1904,0,0,2866,0,0,0.39916142557652,0,0,0.60083857442348,4770
"516","143_2019",418,0,0,4313,0,0,0.0883534136546185,0,0,0.911646586345382,4731
"517","919_2017",0,0,0,4719,0,0,0,0,0,1,4719
"518","1169_2017",0,0,0,4669,0,0,0,0,0,1,4669
"519","99_2017",421,0,0,4190,0,0,0.0913034049013229,0,0,0.908696595098677,4611
"520","442_2014",0,0,0,4602,0,0,0,0,0,1,4602
"521","810b_1435_2017",690,0,0,3864,0,0,0.151515151515152,0,0,0.848484848484849,4554
"522","1061_2017",0,0,2417,2107,0,0,0,0,0.534261715296198,0.465738284703802,4524
"523","594_2016a",0,0,4458,0,0,0,0,0,1,0,4458
"524","62_2017",254,0,0,4140,0,0,0.0578060992262176,0,0,0.942193900773782,4394
"525","729_2016a",0,0,0,4362,0,0,0,0,0,1,4362
"526","1075_2017",0,0,0,4358,0,0,0,0,0,1,4358
"527","762_2015c",0,0,0,4339,0,0,0,0,0,1,4339
"528","1191_2017",0,0,0,4320,0,0,0,0,0,1,4320
"529","844_2015c_1",0,0,4303,0,0,0,0,0,1,0,4303
"530","906_2017",0,0,246,4056,0,0,0,0,0.0571827057182706,0.942817294281729,4302
"531","287_2019",0,0,0,4260,0,0,0,0,0,1,4260
"532","1124_2017",0,0,2940,1300,0,0,0,0,0.693396226415094,0.306603773584906,4240
"533","897_2017",0,0,0,4223,0,0,0,0,0,1,4223
"534","597_1228_2017",0,0,0,4215,0,0,0,0,0,1,4215
"535","754_2015c",0,0,0,4201,0,0,0,0,0,1,4201
"536","188_2019",623,0,0,3546,0,0,0.149436315663229,0,0,0.850563684336771,4169
"537","850_2016a",0,0,0,4074,0,0,0,0,0,1,4074
"538","KI17FQ65",0,0,0,4068,0,0,0,0,0,1,4068
"539","797_2016b",0,0,0,4066,0,0,0,0,0,1,4066
"540","1163_2017",526,0,0,3538,0,0,0.129429133858268,0,0,0.870570866141732,4064
"541","386_2016b",0,0,0,4040,0,0,0,0,0,1,4040
"542","597_2016a",0,0,1153,2795,0,0,0,0,0.292046605876393,0.707953394123607,3948
"543","242_2014_1",0,0,0,3912,0,0,0,0,0,1,3912
"544","1009_2017",0,0,0,3904,0,0,0,0,0,1,3904
"545","1056_2017",0,0,0,3880,0,0,0,0,0,1,3880
"546","1079_2017",0,0,0,3863,0,0,0,0,0,1,3863
"547","1089_2017",686,0,0,3176,0,0,0.177628171931642,0,0,0.822371828068358,3862
"548","442_2015c",0,0,0,3842,0,0,0,0,0,1,3842
"549","500_2017",0,0,0,3796,0,0,0,0,0,1,3796
"550","1032_2016a",0,0,0,3777,0,0,0,0,0,1,3777
"551","766_2015c",0,0,0,3754,0,0,0,0,0,1,3754
"552","618_2015a",0,0,3737,0,0,0,0,0,1,0,3737
"553","466_2014",279,0,0,3457,0,0,0.074678800856531,0,0,0.925321199143469,3736
"554","99_2015c",0,0,3729,0,0,0,0,0,1,0,3729
"555","933_2017",0,0,0,3672,0,0,0,0,0,1,3672
"556","271_2015a",0,0,0,3655,0,0,0,0,0,1,3655
"557","1120_2017",0,0,0,3555,0,0,0,0,0,1,3555
"558","KI17FQ101",0,0,0,3549,0,0,0,0,0,1,3549
"559","1028_2016a",0,0,0,3491,0,0,0,0,0,1,3491
"560","1005_2016a",0,0,3472,0,0,0,0,0,1,0,3472
"561","1242_2017",0,0,425,3038,0,0,0,0,0.122725960150159,0.877274039849841,3463
"562","148_2014",0,0,0,3439,0,0,0,0,0,1,3439
"563","1171_2017",2485,0,0,941,0,0,0.72533566841798,0,0,0.27466433158202,3426
"564","1135_2017",0,0,0,3397,0,0,0,0,0,1,3397
"565","800_2015c",0,0,3324,0,0,0,0,0,1,0,3324
"566","735_2015b",0,0,0,3286,0,0,0,0,0,1,3286
"567","386_2014",0,0,385,2894,0,0,0,0,0.11741384568466,0.88258615431534,3279
"568","1127_2017",679,0,0,2584,0,0,0.20809071406681,0,0,0.79190928593319,3263
"569","813_2016a",0,0,0,3236,0,0,0,0,0,1,3236
"570","1017_2016a",0,0,3230,0,0,0,0,0,1,0,3230
"571","1130_2017",0,0,0,3222,0,0,0,0,0,1,3222
"572","1237_2017",0,0,0,3169,0,0,0,0,0,1,3169
"573","482_2016a",0,0,0,3064,0,0,0,0,0,1,3064
"574","1215_2017",971,0,0,2086,0,0,0.317631665031076,0,0,0.682368334968924,3057
"575","328_2017",0,0,0,3055,0,0,0,0,0,1,3055
"576","253_2015c",0,0,3052,0,0,0,0,0,1,0,3052
"577","223_2017",447,0,0,2592,0,0,0.147087857847976,0,0,0.852912142152024,3039
"578","929_2016a",0,0,0,2993,0,0,0,0,0,1,2993
"579","504_2014",0,0,0,2974,0,0,0,0,0,1,2974
"580","783_2016a",0,0,0,2953,0,0,0,0,0,1,2953
"581","1033_2017",0,0,0,2949,0,0,0,0,0,1,2949
"582","911_2017",0,0,0,2901,0,0,0,0,0,1,2901
"583","231_2017",0,0,1040,1856,0,0,0,0,0.359116022099448,0.640883977900553,2896
"584","470_2015c",385,0,0,2480,0,0,0.134380453752181,0,0,0.865619546247818,2865
"585","1050_2016a",0,0,275,2585,0,0,0,0,0.0961538461538462,0.903846153846154,2860
"586","1106_2017",0,0,0,2856,0,0,0,0,0,1,2856
"587","594_2017",0,0,2795,0,0,0,0,0,1,0,2795
"588","618_2017",0,0,0,2787,0,0,0,0,0,1,2787
"589","328_2016a",585,0,0,2195,0,0,0.210431654676259,0,0,0.789568345323741,2780
"590","933_2016a",0,0,0,2742,0,0,0,0,0,1,2742
"591","1202_2017",0,0,0,2725,0,0,0,0,0,1,2725
"592","783_2017",1254,0,0,1464,0,0,0.461368653421634,0,0,0.538631346578366,2718
"593","213_2017",0,0,0,2642,0,0,0,0,0,1,2642
"594","258_2019",0,0,0,2553,0,0,0,0,0,1,2553
"595","612_2017",0,0,0,2545,0,0,0,0,0,1,2545
"596","807_2016a",0,0,0,2486,0,0,0,0,0,1,2486
"597","1055_2016a",0,0,0,2466,0,0,0,0,0,1,2466
"598","742_2015b",0,0,0,2456,0,0,0,0,0,1,2456
"599","1116_2017",322,0,0,2119,0,0,0.131913150348218,0,0,0.868086849651782,2441
"600","1133_2017",0,0,0,2396,0,0,0,0,0,1,2396
"601","844_2017",0,0,0,2325,0,0,0,0,0,1,2325
"602","1199_2017",0,0,0,2308,0,0,0,0,0,1,2308
"603","797_2017",247,0,0,1990,0,0,0.110415735359857,0,0,0.889584264640143,2237
"604","1161_2017",0,0,0,2231,0,0,0,0,0,1,2231
"605","1140_2017",0,0,2219,0,0,0,0,0,1,0,2219
"606","766_2015b",0,0,0,2213,0,0,0,0,0,1,2213
"607","40_2019",0,0,0,2136,0,0,0,0,0,1,2136
"608","1196_2017",0,0,0,2122,0,0,0,0,0,1,2122
"609","1030_2016a",0,0,0,1914,0,0,0,0,0,1,1914
"610","289_2016a",0,0,0,1849,0,0,0,0,0,1,1849
"611","1197_2017",0,0,0,1848,0,0,0,0,0,1,1848
"612","1037_2016a",0,0,0,1841,0,0,0,0,0,1,1841
"613","1105_2017",0,0,0,1790,0,0,0,0,0,1,1790
"614","37_2019",0,0,0,1781,0,0,0,0,0,1,1781
"615","592_2015a",0,0,1766,0,0,0,0,0,1,0,1766
"616","386_2017",0,0,625,1101,0,0,0,0,0.362108922363847,0.637891077636153,1726
"617","1129_2017",0,0,0,1714,0,0,0,0,0,1,1714
"618","768_2015c",0,0,0,1690,0,0,0,0,0,1,1690
"619","99_2016a",0,0,0,1645,0,0,0,0,0,1,1645
"620","29_2016a",0,0,0,1611,0,0,0,0,0,1,1611
"621","909_2017",0,0,0,1579,0,0,0,0,0,1,1579
"622","1011_2016a",0,0,1443,0,0,0,0,0,1,0,1443
"623","1178_2017",315,0,0,1107,0,0,0.221518987341772,0,0,0.778481012658228,1422
"624","1049_2017",863,0,0,551,0,0,0.61032531824611,0,0,0.38967468175389,1414
"625","1190_2017",195,0,0,1216,0,0,0.138199858256556,0,0,0.861800141743444,1411
"626","289_2014",0,0,1185,209,0,0,0,0,0.850071736011478,0.149928263988522,1394
"627","192_2019",0,0,0,1378,0,0,0,0,0,1,1378
"628","696_2016a",0,0,0,1365,0,0,0,0,0,1,1365
"629","637_2016a",0,0,0,1346,0,0,0,0,0,1,1346
"630","919_2016a",0,0,0,1340,0,0,0,0,0,1,1340
"631","461_2014",0,0,0,1339,0,0,0,0,0,1,1339
"632","824_2016a",0,0,0,1323,0,0,0,0,0,1,1323
"633","1158_2017",0,0,0,1308,0,0,0,0,0,1,1308
"634","311_2014",0,0,907,379,0,0,0,0,0.705287713841369,0.294712286158631,1286
"635","1251_2017",0,0,635,630,0,0,0,0,0.50197628458498,0.49802371541502,1265
"636","1122_2017",457,0,0,724,0,0,0.386960203217612,0,0,0.613039796782388,1181
"637","1049_2016a",497,0,0,683,0,0,0.421186440677966,0,0,0.578813559322034,1180
"638","1037_2017",0,0,0,1177,0,0,0,0,0,1,1177
"639","KI17FQ228",0,0,0,1169,0,0,0,0,0,1,1169
"640","1109_2017",0,0,0,1161,0,0,0,0,0,1,1161
"641","1125_2017",0,0,0,1151,0,0,0,0,0,1,1151
"642","271_2015c",0,0,0,1150,0,0,0,0,0,1,1150
"643","1213_2017",0,0,0,1108,0,0,0,0,0,1,1108
"644","914_2016a",0,0,0,1089,0,0,0,0,0,1,1089
"645","1034_2017",0,0,0,1078,0,0,0,0,0,1,1078
"646","1107_2017",0,0,0,1076,0,0,0,0,0,1,1076
"647","902_2016a",0,0,0,1012,0,0,0,0,0,1,1012
"648","402_2014",0,0,1005,0,0,0,0,0,1,0,1005
"649","1023_2016a",0,0,0,977,0,0,0,0,0,1,977
"650","1040_2017",0,0,0,970,0,0,0,0,0,1,970
"651","486_2014",0,0,0,954,0,0,0,0,0,1,954
"652","906_2016a",0,0,0,949,0,0,0,0,0,1,949
"653","1167_2017",0,0,0,946,0,0,0,0,0,1,946
"654","470_2015a",0,0,0,897,0,0,0,0,0,1,897
"655","597_2015b",0,0,0,850,0,0,0,0,0,1,850
"656","1141_2017",0,0,0,845,0,0,0,0,0,1,845
"657","925_2016a",0,0,0,841,0,0,0,0,0,1,841
"658","KI17FQ54",0,0,0,808,0,0,0,0,0,1,808
"659","338_2014",0,0,784,0,0,0,0,0,1,0,784
"660","583_2016a",0,0,445,279,0,0,0,0,0.614640883977901,0.385359116022099,724
"661","455_2015a",0,0,0,709,0,0,0,0,0,1,709
"662","487_2014",0,0,0,673,0,0,0,0,0,1,673
"663","618_2016a",0,0,0,662,0,0,0,0,0,1,662
"664","797_2016a",0,0,0,650,0,0,0,0,0,1,650
"665","1201_2017",272,0,0,376,0,0,0.419753086419753,0,0,0.580246913580247,648
"666","1031_2016a",0,0,0,636,0,0,0,0,0,1,636
"667","1164_2017",326,0,0,309,0,0,0.513385826771654,0,0,0.486614173228346,635
"668","1064_2017",0,0,0,628,0,0,0,0,0,1,628
"669","820_2016a",0,0,0,619,0,0,0,0,0,1,619
"670","400_1102_2017",0,0,0,607,0,0,0,0,0,1,607
"671","1176_2017",0,0,0,591,0,0,0,0,0,1,591
"672","19_2014",0,0,529,0,0,0,0,0,1,0,529
"673","754_899_2016a",0,0,0,508,0,0,0,0,0,1,508
"674","253_2015a",0,0,502,0,0,0,0,0,1,0,502
"675","1024_2016a",0,0,0,492,0,0,0,0,0,1,492
"676","612_2016a",0,0,0,492,0,0,0,0,0,1,492
"677","1022_2016a",0,0,0,465,0,0,0,0,0,1,465
"678","844_2016a",0,0,0,451,0,0,0,0,0,1,451
"679","909_2016a",0,0,0,450,0,0,0,0,0,1,450
"680","592_2016a",0,0,0,424,0,0,0,0,0,1,424
"681","1149_2017",0,0,401,0,0,0,0,0,1,0,401
"682","941_2016a",0,0,0,384,0,0,0,0,0,1,384
"683","205_1258_2017",0,0,0,378,0,0,0,0,0,1,378
"684","736_2015c",0,0,0,369,0,0,0,0,0,1,369
"685","1008_2016a",0,0,0,367,0,0,0,0,0,1,367
"686","62_2016a",0,0,0,285,0,0,0,0,0,1,285
"687","936_2017",0,0,0,266,0,0,0,0,0,1,266
"688","735_2015c",266,0,0,0,0,0,1,0,0,0,266
"689","245_2018",0,0,0,231,0,0,0,0,0,1,231
"690","618_2015c",0,0,219,0,0,0,0,0,1,0,219
"691","20_2019",0,0,0,0,0,0,0,0,0,0,0
"692","88_2018",0,0,0,0,0,0,0,0,0,0,0
"693","45_2018",0,0,0,0,0,0,0,0,0,0,0
"694","492_2014",0,0,0,0,0,0,0,0,0,0,0
"695","376_2015c",0,0,0,0,0,0,0,0,0,0,0
"696","223_2019",0,0,0,0,0,0,0,0,0,0,0
"697","201_2018",0,0,0,0,0,0,0,0,0,0,0
"698","132_2018",0,0,0,0,0,0,0,0,0,0,0
"699","302_2014",0,0,0,0,0,0,0,0,0,0,0
"700","1050_2017",0,0,0,0,0,0,0,0,0,0,0
"701","1186_2017",0,0,0,0,0,0,0,0,0,0,0
"702","1184_2017",0,0,0,0,0,0,0,0,0,0,0
"703","1203_2017",0,0,0,0,0,0,0,0,0,0,0
"704","857_2017",0,0,0,0,0,0,0,0,0,0,0
"705","1192_2017",0,0,0,0,0,0,0,0,0,0,0
"706","400_2014",0,0,0,0,0,0,0,0,0,0,0
"707","334_2014",0,0,0,0,0,0,0,0,0,0,0
"708","1035_2016a",0,0,0,0,0,0,0,0,0,0,0
"709","656_2015b",0,0,0,0,0,0,0,0,0,0,0
"710","1056_2016a",0,0,0,0,0,0,0,0,0,0,0
"711","1040_2016a",0,0,0,0,0,0,0,0,0,0,0
"712","900_2016a",0,0,0,0,0,0,0,0,0,0,0
"713","328_2015c",0,0,0,0,0,0,0,0,0,0,0
"714","605_2015c",0,0,0,0,0,0,0,0,0,0,0
"715","597_2015c",0,0,0,0,0,0,0,0,0,0,0
"716","588_2015c",0,0,0,0,0,0,0,0,0,0,0
"717","176_2014",0,0,0,0,0,0,0,0,0,0,0
"718","62_2015b",0,0,0,0,0,0,0,0,0,0,0
"719","792_2016a",0,0,0,0,0,0,0,0,0,0,0
"720","939_2016a",0,0,0,0,0,0,0,0,0,0,0
"721","936_2016a",0,0,0,0,0,0,0,0,0,0,0
"722","482_2015b",0,0,0,0,0,0,0,0,0,0,0
"723","729_2015b",0,0,0,0,0,0,0,0,0,0,0
"724","583_2015b",0,0,0,0,0,0,0,0,0,0,0
"725","386_2015b",0,0,0,0,0,0,0,0,0,0,0
"726","273_2014",0,0,0,0,0,0,0,0,0,0,0
"727","408_2014",0,0,0,0,0,0,0,0,0,0,0
"728","376_2014",0,0,0,0,0,0,0,0,0,0,0
"729","34_2014",0,0,0,0,0,0,0,0,0,0,0
