	SampleID	coral_tag	SampleType	field_season	Coral_Species	site	Status	ref	before.after	annotator	date_annotated	colony_width1	colony_width2	colony_area	binary_tissue_loss	binary_disease	cyanobacteria_contact	binary_algal_contact	turf_contact	binary_macroalgae_contact	type_of_macroalgae	binary_CCA_contact	sediment_contact	binary_coral_contact	binary_bleaching	bleaching_proportion	notes_bleaching	notes	Year_Pre_Post	Sample.Name	File.Name	C.CT.mean	D.CT.mean	PaxC.CT.mean	C.CT.sd	D.CT.sd	PaxC.CT.sd	C.reps	D.reps	PaxC.reps	C.PaxC	D.PaxC	fail	S.H	Sample.Num	Pre.Post
10	KI15cFSYM372	62	coral	KI2015c	Platygyra_sp	8	alive	KI2015c.tag62		HD	07-10-2015	25.475	24.216	514.923	y	y	n	y	y	n	NONE	y	n	y	y	2	Large patches (harder to tell because of shadow)		KI2015c	KI15cFMD372	KIPlaty_plate11_data.txt	32.6015	27.17035	18.23485	1.01455680964646	0.307662160494266	0.513713076532025	2	2	2	1.14355840606341e-05	0.00246699015261462	FALSE	0.00247842573667526	372	NA
11	KI16aFSYM001	62	coral	KI2016a	Platygyra_sp	8	alive	KI2016a.tag62		HD	24-06-2016	33.620	32.466	847.208	n	n	n	y	y	n	NONE	y	y	y	y	2	top of coral bleaching		KI2016a	KI16aFMD001	KIPlaty_plate13_data.txt	29.2292	23.2145	17.7676	0.0601040764008571	0.115258405333407	0.00141421356237231	2	2	2	8.56575285256849e-05	0.0276911287453237	FALSE	0.0277767862738494	1	NA
14	KI15bFSYM023	99	coral	KI2015b	Platygyra_sp	35	alive	KI2015b.tag99		HD	5-08-2016	19.694	18.238	292.203	n	n	n	y	y	n	NONE	y	y	y	n	NONE			KI2015b	KI15bFMD023	KIPlaty_plate0_data.txt	23.91065	34.8926	19.02305	0.04942676400494	NA	0.119430335342408	2	1	2	0.00816087509817942	0	FALSE	0.00816087509817942	23	NA
15	KI15cFSYM018	99	coral	KI2015c	Platygyra_sp	35	alive	KI2015c.tag99		HD	02-11-2015	15.334	14.777	177.033	n	y	n	y	y	n	NONE	y	n	y	y	2	One large patch		KI2015c	KI15cFMD018	KIPlaty_plate0_data.txt	27.4158	34.8467	18.08375	0.16291740238538	NA	0.966685680560127	2	1	2	0.000374821044721822	0	FALSE	0.000374821044721822	18	NA
16	KI16aFSYM049	99	coral	KI2016a	Platygyra_sp	35	alive	KI2016a.tag99		HD	12-07-2016	21.339	20.661	332.947	n	n	n	y	y	n	NONE	y	y	y	y	2	large areas bleached		KI2016a	KI16aFMD049	KIPlaty_plate0_data.txt	34.60955	25.42795	19.387	5.720988834546	0.125511453660611	0.314521096271777	2	2	2	6.31839506756689e-06	0.018344834154207	FALSE	0.0183511525492746	49	NA
19	KI15cFSYM161	157	coral	KI2015c	Platygyra_sp	3	UK	KI2015c.tag157		HD	01-10-2015	18.832	17.49	278.21	n	n	n	y	y	n	NONE	y	n	y	y	3	Most of coral bleached but not very white		KI2015c	KI15cFMD161	KIPlaty_plate11_data.txt	24.73655	30.3365	19.17225	0.0444770165366332	0.227688383542068	0.725138004106803	2	2	2	0.00510539951735367	0.000526316291260669	FALSE	0.00563171580861433	161	NA
31	KI15cFSYM171	223	coral	KI2015c	Platygyra_sp	3	UK	KI2015c.tag223		JL	20-11-2015	29.02	28.088	594.321	n	n	n	y	y	n	NONE	y	y	y	y	1	coral is lighter in colour, a few small bleached spots 		KI2015c	KI15cFMD171	KIPlaty_plate11_data.txt	24.8614	NA	16.6087	0.076084689655671	NA	0.0960251008851329	2	0	2	0.000792028287193294	0	FALSE	0.000792028287193294	171	NA
35	KI15cFSYM180	234	coral	KI2015c	Platygyra_sp	3	UK	KI2015c.tag234		JL	20-11-2015	27.031	22.458	456.68	n	n	n	y 	y	n	NONE	y	n	y	y	2	~50% severely bleached, other areas have light bleaching		KI2015c	KI15cFMD180	KIPlaty_plate13_data.txt	25.614	NA	18.2782	0.521703383159435	NA	0.173806846815653	2	0	2	0.00149539214710602	0	FALSE	0.00149539214710602	180	NA
42	KI15bFSYM164	253	coral	KI2015b	Platygyra_sp	8	gone	KI2015b.tag253		JM	01-06-2016	20.013	16.514	187.261	n	n	n	y	y	n	NONE	y	y	y	y	1	few small patches bleached		KI2015b	KI15bFQ164	KIPlaty_plate6_data.txt	23.57585	NA	17.3018	0.0774281925399274	NA	0.0362038671967523	2	0	2	0.0031215744225755	0	FALSE	0.0031215744225755	164	NA
43	KI15cFSYM365	253	coral	KI2015c	Platygyra_sp	8	gone	KI2015c.tag253		HD	21-09-2015	27.708	21.005	374.508	y	y	n	y	y	n	NONE	y	n	y	y	1	Small very white spots		KI2015c	KI15cFMD365	KIPlaty_plate3_data.txt	22.9602	37.07945	18.74645	0.470508852201527	0.791181777469626	0.260851691579717	2	2	2	0.0130192448161991	3.65795224730471e-06	FALSE	0.0130229027684464	365	NA
51	KI14FSYM278	278	coral	KI2014	Platygyra_sp	14	dead_or_gone	KI2014.tag278		DL	01-03-2016	29.689	24.829	441.862	n	n	n	y	y	n	NONE	y	y	y	y	1	a few small bleached areas 		KI2014	KI14FQ192	KIPlaty_plate6_data.txt	23.88535	NA	18.4208	0.145734707602547	NA	0.151462272530157	2	0	2	0.00547088360431345	0	FALSE	0.00547088360431345	192	NA
55	KI16aFSYM108	289	coral	KI2016a	Platygyra_sp	14	alive	KI2016a.tag289		JM	10/06/2016	16.000	14.863	157.824	n	n	n	y	y	n	NONE	y	y	n	y	1	small bleached patch to lower right 		KI2016a	KI16aFMD108	KIPlaty_plate5_data.txt	35.9996	23.47385	18.03295	NA	0.0511238202797888	0.513713076532028	1	2	2	0	0.0278065327217058	FALSE	0.0278065327217058	108	NA
62	KI15cFSYM488	328	coral	KI2015c	Platygyra_sp	34	alive	KI2015c.tag328		JL	4-01-2016	17.347	16.209	208.612	n	n	n	y	y	n	NONE	n	y	n	y	3	entire coral is severeley bleached (completely white) except for the edges that contact the ground, which are normal colour		KI2015c	KI15cFMD488	KIPlaty_plate0_data.txt	29.58425	33.5523	17.77535	0.0852063671329789	NA	0.218708127420999	2	1	2	6.7331427496325e-05	0	FALSE	6.7331427496325e-05	488	NA
63	KI16aFSYM116	328	coral	KI2016a	Platygyra_sp	34	alive	KI2016a.tag328		JM	16-06-2016	14.025	12.206	76.608	n	n	n	y	y	n	NONE	n	y	n	n	NONE	bleaching?		KI2016a	KI16aFMD116	KIPlaty_plate0_data.txt	33.01735	24.24265	17.19825	1.93160359416729	0.166947911038144	0.328168257148676	2	2	2	4.17856664711196e-06	0.0091505087519918	FALSE	0.00915468731863891	116	NA
65	KI14FSYM338	338_1168	coral	KI2014	Platygyra_sp	34	UK	KI2014.tag338_1168	NA	NA	NA	NA	NA	NA	NA	NA	NA	NA	NA	NA	NA	NA	NA	NA	NA	NA	NA	NA	NA	KI14FQ229	KIPlaty_plate5_data.txt	24.05585	NA	20.57665	0.276832304834534	NA	0.786373451357558	2	0	2	0.0216624402052746	0	FALSE	0.0216624402052746	229	NA
72	KI15bFSYM263	353	coral	KI2015b	Platygyra_sp	34	gone	KI2015b.tag353		JM	27-05-2016	13.763	12.476	124.129	n	n	n	y	y	n	NONE	y	n	n	n	NONE			KI2015b	KI15bFMD263	KIPlaty_plate11_data.txt	24.2761	35.8132	18.67075	0.232496709654138	NA	0.303419519807149	2	1	2	0.00496217928790765	0	FALSE	0.00496217928790765	263	NA
73	KI15cFSYM496	353	coral	KI2015c	Platygyra_sp	34	gone	KI2015c.tag353		JL	16-12-2015	17.616	15.801	217.646	n	n	n	y	y	n	NONE	y	y	n	y	2	entire coral is bleaching but not completely white, a few patches of severe bleaching		KI2015c	KI15cFMD496	KIPlaty_plate9_data.txt	23.8355	35.7687	17.4616	0.544189378801167	1.97848477375996	0.213121983849626	2	2	2	0.00291283475953694	3.72421468781356e-06	FALSE	0.00291655897422476	496	NA
77	KI14FSYM379	379	coral	KI2014	Platygyra_sp	25	UK	KI2014.tag379		JL	20-01-2016	13.947	11.191	108.839	n	n	n	y	y	y	Halimeda	y	y	n	y	1	a few patches <5cm where where the ridges are bleaching (Platygyra)		KI2014	KI14FQ254	KIPlaty_plate5_data.txt	22.83915	34.21365	17.25315	0.421647773621538	0.381766951162619	0.049709606717414	2	2	2	0.00502918234255982	9.47112788436692e-06	FALSE	0.00503865347044419	254	NA
78	KI15cFSYM404	379	coral	KI2015c	Platygyra_sp	25	UK	KI2015c.tag379		HD	29-10-2015	18.846	14.525	218.027	n	n	n	y	y	y	Caulerpa, Peysson_red	y	n	y	y	2	Top very bleached		KI2015c	KI15cFMD404	KIPlaty_plate5_data.txt	24.97305	26.2013	18.48945	1.99821305295507	2.35565553084487	0.193393704654522	2	2	2	0.00269955921364208	0.00576133024517883	FALSE	0.00846088945882092	404	NA
85	KI15bFSYM131	389	coral	KI2015b	Platygyra_sp	30	UK	KI2015b.tag389		JM	02-06-2016	14.989	12.397	145.450	n	n	n	y	y	n	NONE	y	y	n	n	NONE			KI2015b	KI15bFMD131	KIPlaty_plate2_data.txt	27.0357	24.6196	19.1089	0.17649385258416	0.218071731317933	0.60542482605192	2	2	2	0.00099276479552304	0.0264932321518197	FALSE	0.0274859969473428	131	NA
90	KI14FSYM410	410_893	coral	KI2014	Platygyra_sp	25	UK	KI2014.tag410_893		JL	19-02-2016	25.965	23.755	413.118	n	n	n	y	y	n	NONE	y	y	y	n	NONE			KI2014	KI14FQ271	KIPlaty_plate5_data.txt	24.70795	30.81855	19.6433	0.00247487373415468	0.135269527240988	0.270397633125734	2	2	2	0.00721837383792107	0.000522318589915503	FALSE	0.00774069242783657	271	NA
101	KI15cFSYM348	442	coral	KI2015c	Platygyra_sp	30	gone	KI2015c.tag442		HD	05-11-2015	43.754	18.796	564.161	n	y	n	y	y	n	NONE	n	n	y	y	1	Many small patches		KI2015c	KI15cFMD348	KIPlaty_plate3_data.txt	33.5003	25.0833	19.47595	4.69914882505332	0.300944646072994	0.379928473531531	2	2	2	1.44977604047303e-05	0.0247765250636366	FALSE	0.0247910228240414	348	NA
110	KI15bFSYM140	466	coral	KI2015b	Platygyra_sp	27	dead	KI2015b.tag466		HD	6-05-2016	12.456	10.338	96.233	n	n	n	y	y	n	NONE	n	y	y	y	3	>80% of coral bleaching		KI2015b	KI15bFMD140	KIPlaty_plate2_data.txt	29.6684	24.4618	17.8318	NA	0.34902790719368	0.133501760288021	1	2	2	0	0.0121952882811156	FALSE	0.0121952882811156	140	NA
111	KI15cFSYM064	466	coral	KI2015c	Platygyra_sp	27	dead	KI2015c.tag466		JL	20-11-2015	8.79	8.775	63.406	n	n	n	y	y	n	NONE	n	y	n	y	2	one pactch >5cm		KI2015c	KI15cFMD064	KIPlaty_plate4_data.txt	32.68645	23.79545	17.96925	4.17596051765339	0.539593184723453	0.190282434817299	2	2	2	8.96875758433793e-06	0.0212892313491785	FALSE	0.0212982001067628	64	NA
114	KI15bFSYM138	470	coral	KI2015b	Platygyra_sp	27	gone	KI2015b.tag470		HD	6-05-2016	10.455	8.053	65.825	n	n	n	y	y	n	NONE	y	y	y	y	2	many small areas are bleached or starting to		KI2015b	KI15bFMD138	KIPlaty_plate2_data.txt	34.1921	25.1092	18.5978	5.4253474893319	0.162493138316669	0.0786302740679442	2	2	2	4.88313663533857e-06	0.0132401903367205	FALSE	0.0132450734733558	138	NA
115	KI15cFSYM072	470	coral	KI2015c	Platygyra_sp	27	gone	KI2015c.tag470		NO	18-10-2017	17.267	13.224	174.729	n	n	n	y	y	n	NONE	n	y	n	y	2	large portion of coral top bleaching		KI2015c	KI15cFMD072	KIPlaty_plate2_data.txt	36.59865	25.672	19.98455	0.627981532371774	0.322016428152354	0.0666801694658918	2	2	2	2.40828836165752e-06	0.0234383963136032	FALSE	0.0234408046019649	72	NA
143	KI15aFSYM043	594	coral	KI2015a_Pre	Platygyra_sp	15	alive	KI2015a_Pre.tag594	_Pre	JL	22-03-2016	33.181	30.075	749.895	n	n	n	y	y	n	NONE	y	y	y	y	1	several small bleached patches, some severely bleached, others starting to bleach		KI2015a_Pre	KI15aFQ043	KIPlaty_plate6_data.txt	23.81235	NA	18.6596	0.14149206691543	NA	0.320036529165032	2	0	2	0.00679076384431577	0	FALSE	0.00679076384431577	43	Pre
144	KI15cFSYM114	594	coral	KI2015c	Platygyra_sp	15	alive	KI2015c.tag594		JL	11-12-2015	34.713	31.673	808.882	n	n	n	y	y	n	NONE	n	y	y	y	2	most of coral is bleaching, top portion of coral is severly bleached, some areas still have a bit of colour ~2/3-3/4 bleached		KI2015c	KI15cFMD114	KIPlaty_plate1_data.txt	27.63695	NA	19.806	0.0061518289963237	NA	0.121198102295373	2	0	2	0.00106096264509367	0	FALSE	0.00106096264509367	114	NA
145	KI16aFSYM158	594	coral	KI2016a	Platygyra_sp	15	alive	KI2016a.tag594		HD	10-06-2016	25.892	22.888	521.106	n	n	n	y	y	n	NONE	y	y	y	y	3	algae growing but mostly bleached		KI2016a	KI16aFMD158	KIPlaty_plate3_data.txt	24.36	30.01085	18.17435	0.142269884374733	0.0144956890143256	0.258164685811207	2	2	2	0.00331882799790012	0.000330277811745006	FALSE	0.00364910580964513	158	NA
153	KI15cFSYM126	612	coral	KI2015c	Platygyra_sp	15	alive	KI2015c.tag612		JL	02-12-2015	24.696	18.39	376.403	n	n	n	y	y	n	NONE	n	y	n	y	1	one small patch <5cm		KI2015c	KI15cFMD126	KIPlaty_plate11_data.txt	28.01755	NA	19.4227	0.294227131651723	NA	0.236173664916307	2	0	2	0.000624803249578072	0	FALSE	0.000624803249578072	126	NA
154	KI16aFSYM164	612	coral	KI2016a	Platygyra_sp	15	alive	KI2016a.tag612		JM	13-06-2016	21.382	18.293	255.684	n	n	n	y	y	n	NONE	y	y	n	y	2	most of the coral bleached; used 5 point scale		KI2016a	KI16aFMD164	KIPlaty_plate11_data.txt	36.4474	24.6516	17.204	NA	0.106914545315406	0.402485179851384	1	2	2	0	0.00691942404621881	FALSE	0.00691942404621881	164	NA
155	KI15aFSYM067	618	coral	KI2015a_Pre	Platygyra_sp	15	alive	KI2015a_Pre.tag618	_Pre	DL	22-03-2016	30.028	28.432	598.108	n	n	n	y	y	n	NONE	y	y	y	n	NONE			KI2015a_Pre	KI15aFQ067	KIPlaty_plate7_data.txt	23.92015	NA	17.259	0.0959543902070144	NA	0.552533238819167	2	0	2	0.0023869591258659	0	FALSE	0.0023869591258659	67	Pre
156	KI15cFSYM129	618	coral	KI2015c	Platygyra_sp	15	alive	KI2015c.tag618		JL	03-12-2015	37.719	34.759	921.111	n	n	n	y	y	n	NONE	n	y	y	y	3	entire coral is severely bleached		KI2015c	KI15cFMD129	KIPlaty_plate2_data.txt	29.55155	NA	18.7604	0.00827314933988342	NA	0.0394565583902078	2	0	2	0.000136329894976771	0	FALSE	0.000136329894976771	129	NA
157	KI16aFSYM160	618	coral	KI2016a	Platygyra_sp	15	alive	KI2016a.tag618		HD	16-09-2016	28.747	27.236	612.9	n	n	n	y	y	n	NONE	y	y	y	y	2	many large bleached patches		KI2016a	KI16aFMD160	KIPlaty_plate11_data.txt	38.694	25.20275	17.86865	NA	0.0596091016540277	0.0572049385979915	1	2	2	0	0.0074857764067141	FALSE	0.0074857764067141	160	NA
164	KI15bFSYM020	637	coral	KI2015b	Platygyra_sp	35	alive	KI2015b.tag637		HD	5-08-2016	10.713	8.647	74.676	n	n	n	y	y	n	NONE	n	y	n	y	2	large area bleached		KI2015b	KI15bFMD020	KIPlaty_plate2_data.txt	27.42325	NA	20.8245	0.254629151905275	NA	0.0408707719525827	2	0	2	0.0024924660642974	0	FALSE	0.0024924660642974	20	NA
166	KI16aFSYM047	637	coral	KI2016a	Platygyra_sp	35	alive	KI2016a.tag637		HD	12-07-2016	10.160	9.188	69.53	n	n	n	y	y	n	NONE	n	y	y	y	3	large area bleach and much starting to bleach		KI2016a	KI16aFMD047	KIPlaty_plate7_data.txt	29.3336	23.86335	18.0018	NA	0.231294628126121	0.0172534054609517	1	2	2	0	0.0207739255621554	FALSE	0.0207739255621554	47	NA
179	KI15bFSYM205	727	coral	KI2015b	Platygyra_sp	27	gone	KI2015b.tag727		JM	25-05-2016	18.879	13.867	195.383	n	n	n	y	y	n	NONE	y	y	n	y	1	several small bleached spots		KI2015b	KI15bFMD205	KIPlaty_plate2_data.txt	24.46985	NA	18.91895	0.0324562012564623	NA	0.124380082810715	2	0	2	0.00515304025249932	0	FALSE	0.00515304025249932	205	NA
180	KI15cFSYM083	727	coral	KI2015c	Platygyra_sp	27	gone	KI2015c.tag727		NO	18-10-2017	31.989	21.616	521.758	n	n	n	y	y	n	NONE	n	y	n	y	2	half the coral is bleaching		KI2015c	KI15cFMD083	KIPlaty_plate2_data.txt	26.45675	34.8198	20.4814	0.303702362519623	NA	2.77440416666354	2	1	2	0.0038396474788235	0	FALSE	0.0038396474788235	83	NA
185	KI15cFSYM065	735	coral	KI2015c	Platygyra_sp	27	gone	KI2015c.tag735		NO	18-10-2017	13.093	9.281	95.878	n	n	n	y	y	n	NONE	n	y	n	y	1	few small bleached spots		KI2015c	KI15cFMD065	KIPlaty_plate1_data.txt	34.02835	25.1548	19.2476	4.32233162135901	1.25695301423721	0.350300699399816	2	2	2	8.58226320287161e-06	0.0201268843815096	FALSE	0.0201354666447125	65	NA
188	KI15bFSYM219	742	coral	KI2015b	Platygyra_sp	32	dead	KI2015b.tag742		JM	26-05-2016	10.798	10.382	85.011	n	n	n	y	y	n	NONE	n	y	y	n	NONE			KI2015b	KI15bFMD219	KIPlaty_plate2_data.txt	34.87615	24.98805	18.68995	0.00318198051533958	0.369180450457495	0.428011734652217	2	2	2	3.23980761630427e-06	0.0153498425999268	FALSE	0.0153530824075431	219	NA
189	KI15cFSYM436	742	coral	KI2015c	Platygyra_sp	32	dead	KI2015c.tag742		HD	22-10-2015	19.867	19.87	317.871	n	n	n	y	y	n	NONE	n	y	n	n	NONE			KI2015c	KI15cFMD436	KIPlaty_plate9_data.txt	37.4881	24.4012	17.47385	NA	0.0197989898732224	0.00445477272147492	1	2	2	0	0.00992386394991183	FALSE	0.00992386394991183	436	NA
190	KI15bFSYM231	754_899_1060	coral	KI2015b	Platygyra_sp	32	alive	KI2015b.tag754_899_1060		JM	26-05-2016	15.038	14.335	164.541	n	n	n	y	y	n	NONE	y	y	n	y	1	a few blaeched spots around algal patches 		KI2015b	KI15bFMD231	KIPlaty_plate0_data.txt	NA	23.93345	18.7971	NA	0.00403050865276398	0.391737156777349	0	2	2	0	0.0343419952617696	FALSE	0.0343419952617696	231	NA
191	KI15cFSYM468	754_899_1060	coral	KI2015c	Platygyra_sp	32	alive	KI2015c.tag754_899_1060		JL	12-11-2015	16.384	12.883	178.142	n	n	n	y	y	n	NONE	n	y	n	y	1	a few spots <5cm 		KI2015c	KI15cFMD468	KIPlaty_plate0_data.txt	NA	23.31015	17.8274	NA	0.00530330085889931	0.13081475451951	0	2	2	0	0.0270115019535851	FALSE	0.0270115019535851	468	NA
193	KI15bFSYM239	762	coral	KI2015b	Platygyra_sp	32	dead	KI2015b.tag762		HD	27-05-2016	10.758	9.336	81.041	n	n	m	y	y	n	NONE	n	y	y	n	NONE			KI2015b	KI15bFMD239	KIPlaty_plate7_data.txt	29.41675	23.8193	17.7015	0.280084996027992	0.318198051533946	0.165180144085177	2	2	2	7.18471062820561e-05	0.0173932057627229	FALSE	0.017465052869005	239	NA
194	KI15cFSYM474	762	coral	KI2015c	Platygyra_sp	32	dead	KI2015c.tag762		JL	12-11-2015	13.594	13.039	143.675	n	n	n	y	y	n	NONE	n	y	n	y	1	two main patches <5cm 		KI2015c	KI15cFMD474	KIPlaty_plate8_data.txt	32.4535	24.4474	18.0514	NA	0.177766644790298	0.311126983722082	1	2	2	0	0.014342771842196	FALSE	0.014342771842196	474	NA
196	KI15cFSYM472	766	coral	KI2015c	Platygyra_sp	32	dead	KI2015c.tag766		JL	12-11-2015	23.427	21.575	384.659	n	n	n	y	y	n	NONE	n	y	n	y	1	one prominent spot <5cm, a few lighter areas 		KI2015c	KI15cFMD472	KIPlaty_plate8_data.txt	34.0917	23.75495	17.1498	5.47951186877079	0.568018877327154	0.0643467170879766	2	2	2	1.91880505674027e-06	0.0124071680992707	FALSE	0.0124090869043275	472	NA
197	KI15bFSYM245	768	coral	KI2015b	Platygyra_sp	32	dead	KI2015b.tag768		HD	27-05-2016	13.079	12.948	122.799	n	n	n	y	y	n	NONE	n	y	n	y	1	a few small spots		KI2015b	KI15bFMD245	KIPlaty_plate11_data.txt	36.7365	23.8925	18.9477	NA	0.0261629509039041	0.717571961548109	1	2	2	0	0.0392182146908478	FALSE	0.0392182146908478	245	NA
198	KI15cFSYM460	768	coral	KI2015c	Platygyra_sp	32	dead	KI2015c.tag768		JL	13-11-2015	16.501	14.93	204.927	n	n	n	n	n	n	NONE	n	y	n	y	1	several patches <5cm		KI2015c	KI15cFMD460	KIPlaty_plate9_data.txt	33.6225	24.22715	17.51665	5.09088598183066	0.0140714249456147	0.40057599154218	2	2	2	3.42536599656312e-06	0.0115334478512024	FALSE	0.0115368732171989	460	NA
207	KI16aFSYM118	783	coral	KI2016a	Platygyra_sp	34	alive	KI2016a.tag783		JM	16-06-2016	20.630	16.079	226.487	n	n	n	y	y	n	NONE	y	y	n	y	1	small patches starting to bleach		KI2016a	KI16aFMD118	KIPlaty_plate11_data.txt	34.921	23.2371	18.35905	NA	1.37602979618902	0.0973686037693893	1	2	2	0	0.0410753782916079	FALSE	0.0410753782916079	118	NA
212	KI15cFSYM253	788	coral	KI2015c	Platygyra_sp	5	alive	KI2015c.tag788		JL	25-11-2015	33.819	27.862	858.226	n	n	n	y	y	n	NONE	n	y	n	y	2	widespread but not completely bleached		KI2015c	KI15cFMD253	KIPlaty_plate5_data.txt	24.7097	NA	17.7467	0.208455079093793	NA	0.245083210359259	2	0	2	0.00193632867989136	0	FALSE	0.00193632867989136	253	NA
213	KI16aFSYM088	788	coral	KI2016a	Platygyra_sp	5	alive	KI2016a.tag788		HD	03-06-2016	34.442	34.224	883.711	n	n	n	y	y	n	NONE	y	y	y	y	3	most of coral bleached or starting to bleach		KI2016a	KI16aFMD088	KIPlaty_plate3_data.txt	37.52735	22.6848	17.91785	0.274569563134737	0.0557200143575007	0.370736085376107	2	2	2	3.01997423574653e-07	0.0443635206795624	FALSE	0.044363822676986	88	NA
214	KI15bFSYM288	792	coral	KI2015b	Platygyra_sp	5	alive	KI2015b.tag792		HD	5-08-2016	18.074	17.316	246.693	n	n	n	n	n	n	NONE	y	y	y	y	1	some small areas		KI2015b	KI15bFMD288	KIPlaty_plate0_data.txt	24.58215	33.90305	18.6919	0.111369318036883	1.15138197180605	0.00820243866176493	2	2	2	0.00407294931751299	3.18426001675792e-05	FALSE	0.00410479191768057	288	NA
215	KI15cFSYM254	792	coral	KI2015c	Platygyra_sp	5	alive	KI2015c.tag792		JL	25-11-2015	33.266	29.339	824.397	n	n	n	y	y	n	NONE	y	y	y	y	2	large proportion of coral bleached but not severe		KI2015c	KI15cFMD254	KIPlaty_plate0_data.txt	24.43635	26.98525	17.60305	0.0314662517628009	0.0692257538781624	0.199899087041436	2	2	2	0.00211847170836276	0.00181007811234684	FALSE	0.0039285498207096	254	NA
216	KI16aFSYM089	792	coral	KI2016a	Platygyra_sp	5	alive	KI2016a.tag792		JM	08/06/2016	32.789	31.958	760.420	n	n	n	y	y	y	Halimeda	y	y	n	y	1	small bleached patches		KI2016a	KI16aFMD089	KIPlaty_plate0_data.txt	28.7593	23.46305	17.5615	NA	0.0671044335346027	0.110591500577577	1	2	2	0	0.020205861475205	FALSE	0.020205861475205	89	NA
219	KI16aFSYM091	797	coral	KI2016a	Platygyra_sp	5	alive	KI2016a.tag797		HD	03-06-2016	29.133	28.132	626.296	n	n	n	y	y	n	NONE	n	y	y	y	3	coral bleached and overgrown with turf in centre		KI2016a	KI16aFMD091	KIPlaty_plate11_data.txt	NA	23.57015	18.09955	NA	0.00021213203435547	0.435082802464084	0	2	2	0	0.0272399463518602	FALSE	0.0272399463518602	91	NA
222	KI15bFSYM303	807	coral	KI2015b	Platygyra_sp	5	alive	KI2015b.tag807		JM	03-06-2016	51.946	34.705	1375.952	n	n	n	y	y	y	Halimeda	y	y	n	n	NONE			KI2015b	KI15bFMD303	KIPlaty_plate11_data.txt	24.8713	37.2792	18.58395	0.164897301372703	0.781635835923607	0.405950003079195	2	2	2	0.00309292931325642	2.84570525430361e-06	FALSE	0.00309577501851073	303	NA
223	KI15cFSYM273	807	coral	KI2015c	Platygyra_sp	5	alive	KI2015c.tag807		JL	27-11-2015	70.995	55.266	2960.407	n	n	n	y	y	n	NONE	y	y	y	y	2	portions of coral are lighter, a few small bleached spots 		KI2015c	KI15cFMD273	KIPlaty_plate4_data.txt	25.2737	33.3562	18.38955	0.0946108873227581	0.416768736831349	0.00473761543395139	2	2	2	0.00204510350581207	3.77233590807877e-05	FALSE	0.00208282686489286	273	NA
227	KI15bFSYM309	813	coral	KI2015b	Platygyra_sp	5	alive	KI2015b.tag813		JM	03-06-2016	16.361	15.124	196.080	n	n	n	y	y	n	NONE	y	y	n	n	NONE			KI2015b	KI15bFMD309	KIPlaty_plate2_data.txt	24.86135	NA	17.74245	0.486277333421991	NA	0.0473054436613803	2	0	2	0.00173799491605032	0	FALSE	0.00173799491605032	309	NA
228	KI15cFSYM277	813	coral	KI2015c	Platygyra_sp	5	alive	KI2015c.tag813		DC_JMI	17-09-2015	18.269	15.33	222.845	n	n	n	y	y	n	NONE	y	n	n	n	NONE			KI2015c	KI15cFMD277	KIPlaty_plate4_data.txt	24.63405	NA	18.8427	0.00233345237791519	NA	0.225142799129797	2	0	2	0.0043619519024079	0	FALSE	0.0043619519024079	277	NA
229	KI16aFSYM095	813	coral	KI2016a	Platygyra_sp	5	alive	KI2016a.tag813		HD	03-06-2016	18.179	15.130	22.988	n	n	n	y	y	n	NONE	y	y	y	y	3	most of coral bleached or starting to bleach		KI2016a	KI16aFMD095	KIPlaty_plate4_data.txt	33.11825	24.3322	17.523	4.48256201797588	0.14453262607453	0.43105229381132	2	2	2	4.87992219802031e-06	0.0107707884440345	FALSE	0.0107756683662326	95	NA
230	KI15bFSYM316	820	coral	KI2015b	Platygyra_sp	5	alive	KI2015b.tag820		HD	2-08-2016	29.031	26.736	605.214	n	n	n	y	y	y	Halimeda	y	y	y	y	1	a few small bleached patches		KI2015b	KI15bFMD316	KIPlaty_plate1_data.txt	24.5794	NA	20.725	0.0927724096916749	NA	0.0158391918985794	2	0	2	0.0167017093856139	0	FALSE	0.0167017093856139	316	NA
231	KI15cFSYM278	820	coral	KI2015c	Platygyra_sp	5	alive	KI2015c.tag820		DC_JMI	17-09-2015	37.164	31.562	924.473	n	n	n	y	y	y	Halimeda, Peysson_red	y	n	y	y	2	Variable, patchy bleaching: some spots completely some just lighter in colour		KI2015c	KI15cFMD278	KIPlaty_plate3_data.txt	23.9593	29.30855	18.03795	1.14834141264695	1.75694821921421	0.778878119476981	2	2	2	0.00398608883280832	0.000488913774446708	FALSE	0.00447500260725503	278	NA
232	KI16aFSYM096	820	coral	KI2016a	Platygyra_sp	5	alive	KI2016a.tag820		HD	03-06-2016	41.762	37.858	1181.053	n	n	n	y	y	y	Halimeda	n	y	y	y	1	a few small spots		KI2016a	KI16aFMD096	KIPlaty_plate4_data.txt	32.5903	24.90725	17.6699	3.26145931754483	0.512440284325893	0.0786302740679442	2	2	2	7.79045800024188e-06	0.00800500307483792	FALSE	0.00801279353283816	96	NA
233	KI15bFSYM320	824	coral	KI2015b	Platygyra_sp	5	alive	KI2015b.tag824		NO	16-10-2017	21.941	21.114	334.346	n	n	n	y	y	n	NONE	y	y	n	y	1	four spots of bleaching, 2.54cm scale used		KI2015b	KI15bFMD320	KIPlaty_plate11_data.txt	23.74215	36.17455	16.71295	0.14559328624631	0.235678690169477	0.202020407384996	2	2	2	0.00184948533624625	1.67299860401728e-06	FALSE	0.00185115833485027	320	NA
234	KI15cFSYM283	824	coral	KI2015c	Platygyra_sp	5	alive	KI2015c.tag824		HD	21-09-2015	15.91	15.052	190.021	n	n	n	y	y	n	NONE	n	n	y	y	1	A few lighter spots, algae growing in sampled area		KI2015c	KI15cFMD283	KIPlaty_plate11_data.txt	27.9916	NA	19.0508	0.184979133958399	NA	0.236597928985018	2	0	2	0.000491588769376146	0	FALSE	0.000491588769376146	283	NA
239	KI15bFSYM346	850	coral	KI2015b	Platygyra_sp	34	alive	KI2015b.tag850		JM	27-05-2016	15.290	14.812	174.219	n	n	n	y	y	n	NONE	y	y	n	y	1	one side tops of ridges are bleaching 		KI2015b	KI15bFMD346	KIPlaty_plate4_data.txt	25.1327	37.25965	17.5484	0.523966124859231	0.715521351882665	0.515339422128756	2	2	2	0.0012587779933797	1.40715986654934e-06	FALSE	0.00126018515324625	346	NA
240	KI15cFSYM506	850	coral	KI2015c	Platygyra_sp	34	alive	KI2015c.tag850		JL	16-12-2015	16.807	15.759	213.15	n	n	n	y	y	y	Caulerpa	n	y	n	y	2	one large, completely bleached patch, rest of coral is lighter in colour 		KI2015c	KI15cFMD506	KIPlaty_plate5_data.txt	29.9988	26.666	19.68815	0.438123361623184	0.0824486506863502	0.45247762928127	2	2	2	0.000190211168298455	0.00958249909585288	FALSE	0.00977271026415134	506	NA
241	KI16aFSYM120	850	coral	KI2016a	Platygyra_sp	34	alive	KI2016a.tag850		JM	16-06-2016	14.080	13.499	148.162	n	n	n	y	y	n	NONE	n	y	n	y	1	small patches starting to bleach, some near algal colonies; used 5 point scale		KI2016a	KI16aFMD120	KIPlaty_plate4_data.txt	35.08125	25.3689	18.4459	0.507631958213823	0.0391737156777339	0.286519667736787	2	2	2	2.37307573966905e-06	0.00995383144373499	FALSE	0.00995620451947466	120	NA
244	KI15bFSYM353	857	coral	KI2015b	Platygyra_sp	34	alive	KI2015b.tag857		JM	02-06-2016	25.307	23.841	445.900	n	n	n	y	y	n	NONE	y	y	y	y	1	a few small bleached patches		KI2015b	KI15bFMD353	KIPlaty_plate11_data.txt	24.2278	NA	18.2115	0.396121218820703	NA	0.148492424049176	2	0	2	0.00373219369570244	0	FALSE	0.00373219369570244	353	NA
245	KI15cFSYM504	857	coral	KI2015c	Platygyra_sp	34	alive	KI2015c.tag857		JL	16-12-2015	31.555	30.172	680.516	n	n	n	y	y	n	NONE	y	y	n	y	3	over 80% of coral is completely, severely bleached 		KI2015c	KI15cFMD504	KIPlaty_plate8_data.txt	31.5331	34.3435	17.66455	0.652235294966471	2.57683853200002	0.191130962954726	2	2	2	1.61510734246451e-05	1.15121567943416e-05	FALSE	2.76632302189866e-05	504	NA
249	KI16aFSYM024	906	coral	KI2016a	Platygyra_sp	8	alive	KI2016a.tag906		HD	5-08-2016	34.148	31.906	707.208	n	n	n	y	y	n	NONE	n	y	y	n	NONE	paling in a few areas		KI2016a	KI16aFMD024	KIPlaty_plate1_data.txt	32.6213	24.5838	20.09575	3.91468456200497	0.284115504680756	0.0325976226126992	2	2	2	4.09717652434007e-05	0.0538249047743101	FALSE	0.0538658765395535	24	NA
250	KI16aFSYM027	909	coral	KI2016a	Platygyra_sp	8	alive	KI2016a.tag909		HD	5-08-2016	17.874	14.61	197.765	n	n	n	y	y	n	NONE	n	y	y	y	1	some areas starting to bleach		KI2016a	KI16aFMD027	KIPlaty_plate2_data.txt	NA	23.8486	19.48825	NA	0.0306884343034975	0.0178898015640207	0	2	2	0	0.0588064280221542	FALSE	0.0588064280221542	27	NA
252	KI16aFSYM033	914	coral	KI2016a	Platygyra_sp	8	alive	KI2016a.tag914		HD	5-08-2016	11.852	9.784	82.018	n	n	n	y	y	y	Halimeda	n	y	y	n	NONE			KI2016a	KI16aFMD033	KIPlaty_plate11_data.txt	NA	23.8585	17.7627	NA	0.159806132548159	0.444911586722576	0	2	2	0	0.0176604715169156	FALSE	0.0176604715169156	33	NA
253	KI16aFSYM038	919	coral	KI2016a	Platygyra_sp	8	alive	KI2016a.tag919		HD	5-08-2016	15.532	15.532	175.602	n	n	n	y	y	y	Halimeda	n	y	y	y	1	a few small areas 		KI2016a	KI16aFMD038	KIPlaty_plate1_data.txt	35.79695	25.25395	19.8087	1.00048538470084	0.214324065377643	0.0981464212286927	2	2	2	3.71627727521639e-06	0.0277228170085866	FALSE	0.0277265332858618	38	NA
254	KI16aFSYM054	925	coral	KI2016a	Platygyra_sp	35	alive	KI2016a.tag925		HD	12-07-2016	30.586	28.875	692.604	n	n	n	y	y	n	NONE	n	y	y	y	2	much of coral starting to bleach		KI2016a	KI16aFMD054	KIPlaty_plate1_data.txt	33.34925	24.94295	20.62515	4.56218224153749	0.392373552880415	0.139087903859394	2	2	2	3.57038599280223e-05	0.060566660297055	FALSE	0.060602364156983	54	NA
255	KI16aFSYM057	928	coral	KI2016a	Platygyra_sp	35	alive	KI2016a.tag928		HD	12-07-2016	40.635	29.205	953.444	n	n	n	y	y	n	NONE	n	y	y	y	1	large patches starting to bleach, measurements not accurate as image cut off		KI2016a	KI16aFMD057	KIPlaty_plate2_data.txt	NA	24.0205	19.15245	NA	0.0838628642487225	0.426456099733608	0	2	2	0	0.0413610801414139	FALSE	0.0413610801414139	57	NA
257	KI16aFSYM062	933	coral	KI2016a	Platygyra_sp	35	alive	KI2016a.tag933		HD	2-08-2016	19.4	18.076	267.529	n	n	n	y	n	n	NONE	n	y	n	n	NONE			KI2016a	KI16aFMD062	KIPlaty_plate1_data.txt	NA	23.4191	17.62605	NA	0.0142835569799701	0.0607404725039236	0	2	2	0	0.0217840751129853	FALSE	0.0217840751129853	62	NA
268	KI16aFSYM212	1020	coral	KI2016a	Platygyra_sp	37	alive	KI2016a.tag1020		JM	20-06-2016	29.415	26.859	569.436	n	n	n	y	y	n	NONE	y	y	y	y	1	small patches starting to bleach		KI2016a	KI16aFMD206	KIPlaty_plate13_data.txt	37.4359	24.563	17.77325	NA	0.356381817718021	0.226486302014051	1	2	2	0	0.0109169803634326	FALSE	0.0109169803634326	206	NA
269	KI16aFSYM214	1022	coral	KI2016a	Platygyra_sp	37	alive	KI2016a.tag1022		JM	20-06-2016	15.489	15.193	169.875	n	n	n	y	y	n	NONE	n	y	n	y	1	small patches starting to bleach		KI2016a	KI16aFMD208	KIPlaty_plate4_data.txt	35.7403	24.9037	17.7853	NA	0.0960251008851329	0.0746704760932987	1	2	2	0	0.0086929868178922	FALSE	0.0086929868178922	208	NA
270	KI16aFSYM215	1023	coral	KI2016a	Platygyra_sp	37	alive	KI2016a.tag1023		JM	20-06-2016	20.376	16.961	239.14	n	n	n	y	y	n	NONE	y	y	y	n	NONE			KI2016a	KI16aFMD209	KIPlaty_plate4_data.txt	37.3731	23.558	17.74285	NA	0.0400222438151608	0.00586898628384723	1	2	2	0	0.0214529175138296	FALSE	0.0214529175138296	209	NA
271	KI16aFSYM231	1024	coral	KI2016a	Platygyra_sp	37	alive	KI2016a.tag1024		JM	20-06-2016	22.456	10.614	164.933	n	n	n	y	y	n	NONE	n	y	y	n	NONE			KI2016a	KI16aFMD225	KIPlaty_plate10_data.txt	NA	22.97365	17.98515	NA	0.022980970388562	0.212909851815271	0	2	2	0	0.0380480854961258	FALSE	0.0380480854961258	225	NA
272	KI16aFSYM235	1028	coral	KI2016a	Platygyra_sp	37	alive	KI2016a.tag1028		JM	20-06-2016	25.916	21.431	419.751	n	n	n	y	y	n	NONE	n	y	n	y	1	small patches starting to bleach		KI2016a	KI16aFMD229	KIPlaty_plate9_data.txt	33.0213	23.9628	17.8523	5.14957584466915	0.345068109219035	0.541078108963946	2	2	2	6.55732839026808e-06	0.0174814379770512	FALSE	0.0174879953054415	229	NA
273	KI16aFSYM237	1030	coral	KI2016a	Platygyra_sp	37	alive	KI2016a.tag1030		JM	20-06-2016	27.278	26.429	506.901	n	n	n	y	y	n	NONE	y	y	n	n	NONE			KI2016a	KI16aFMD231	KIPlaty_plate9_data.txt	33.58515	23.4581	18.53005	4.85478302759248	0.376039386235006	0.381059844381429	2	2	2	7.09601051118144e-06	0.039676200116195	FALSE	0.0396832961267061	231	NA
274	KI16aFSYM238	1031	coral	KI2016a	Platygyra_sp	37	alive	KI2016a.tag1031		JM	20-06-2016	21.735	20.503	331.353	n	n	n	y	y	n	NONE	y	y	n	y	1	small bleached patches seen		KI2016a	KI16aFMD232	KIPlaty_plate9_data.txt	NA	22.70115	17.565	NA	0.447527881812968	0.226274169979695	0	2	2	0	0.0343467564032173	FALSE	0.0343467564032173	232	NA
279	KI16aFSYM261	1036	coral	KI2016a	Platygyra_sp	40	alive	KI2016a.tag1036		JM	23-06-2016	20.556	17.106	275.323	n	n	n	y	y	n	NONE	n	y	n	y	1	small patches starting to bleach		KI2016a	KI16aFMD255	KIPlaty_plate9_data.txt	38.762	23.88135	20.51965	NA	0.0492853426487031	0.205555941290928	1	2	2	0	0.117502851444253	FALSE	0.117502851444253	255	NA
282	KI16aFSYM265	1049	coral	KI2016a	Platygyra_sp	40	alive	KI2016a.tag1049		JM	23-06-2016	22.714	19.618	314.902	n	n	n	y	y	n	NONE	y	y	n	y	1	many small bleached patches		KI2016a	KI16aFMD259	KIPlaty_plate8_data.txt	32.6255	23.82055	17.70465	4.51473537651987	0.522764043331215	0.0146371103705626	2	2	2	7.7880284088769e-06	0.0174161273509595	FALSE	0.0174239153793684	259	NA
284	KI16aFSYM272	1055	coral	KI2016a	Platygyra_sp	40	alive	KI2016a.tag1055		JM	23-06-2016	18.850	17.213	235.31	n	n	n	y	y	n	NONE	n	y	n	y	1	small bleached patches seen		KI2016a	KI16aFMD266	KIPlaty_plate8_data.txt	37.583	22.69405	18.01405	NA	2.17527259096418	0.284751900783822	1	2	2	0	0.0471194879697641	FALSE	0.0471194879697641	266	NA
286	KI15cFSYM428	410_893	coral	KI2015c	Platygyra_sp	25	UK	KI2015c.tag410_893		JL	03-11-2015	26.859	25.882	473.508	n	n	n	y	y	n	NONE	y	y	y	y	2	Bleaching overa large poriton of the coral, ~70% bleached 		KI2015c	KI15cFMD428	KIPlaty_plate9_data.txt	26.46125	25.00595	17.77755	0.10458109293749	0.0217081781824267	0.35418978669634	2	2	2	0.000587484975755056	0.00805481780762928	FALSE	0.00864230278338433	428	NA
291	KI16aFSYM017	754_899_1060	coral	KI2016a	Platygyra_sp	32	alive	KI2016a.tag754_899_1060		JM	21-06-2016	14.721	9.695	58.545	n	n	n	y	y	n	NONE	n	y	n	y	1	one bleached patch		KI2016a	KI16aFMD017	KIPlaty_plate0_data.txt	39.39545	23.57935	17.4801	0.0740340799902323	0.0874691088327781	0.330360288170354	2	2	2	6.10763707027196e-08	0.0176182894673679	FALSE	0.0176183505437386	17	NA
293	KI16bFMD158	62	coral	KI2016b	Platygyra_sp	8	alive	KI2016b.tag62		NO	12-01-2017	22.245	16.587	298.793	n	n	n	y	y	n	NONE	y	y	n	n	NONE 	7cm scale used		KI2016b	KI16bFMD158	KIPlaty_plate8_data.txt	28.8537	23.3569	18.0498	NA	0.0674579869251952	0.0654780879378749	1	2	2	0	0.0305087667225687	FALSE	0.0305087667225687	158	NA
294	KI16bFMD002	99	coral	KI2016b	Platygyra_sp	35	alive	KI2016b.tag99		NO	19/01/2017	20.643	20.618	270.926	n	n	n	y	y	y	Peysson_red, peysson_yellow	y	y	n	y	1	several small spots of borderline lightening/bleaching		KI2016b	KI16bFMD002	KIPlaty_plate2_data.txt	NA	23.01565	20.6846	NA	0.0297691954879546	0.36896831842314	0	2	2	0	0.240051802198363	FALSE	0.240051802198363	2	NA
295	KI16bFMD180	328	coral	KI2016b	Platygyra_sp	34	alive	KI2016b.tag328		NO	19/01/2017	23.025	19.65	227.407	n	n	n	y	y	n	NONE	n	y	n	y	1	one small patch		KI2016b	KI16bFMD180	KIPlaty_plate8_data.txt	28.8866	23.3145	17.8793	0.495823274968007	0.271670425331871	0.101399112422151	2	2	2	0.000117360909534677	0.0279166119492807	FALSE	0.0280339728588154	180	NA
296	KI16bFMD109	594	coral	KI2016b	Platygyra_sp	15	alive	KI2016b.tag594		NO	20-01-2017	16.106	9.383	98.081	n	n	n	y	y	y	Peysson_red, peysson_yellow	n	y	n	y	2	5cm scale used, large area bleaching		KI2016b	KI16bFMD109	KIPlaty_plate8_data.txt	24.6821	NA	18.0736	0.26177093039526	NA	0.417758686325013	2	0	2	0.00247567830877709	0	FALSE	0.00247567830877709	109	NA
297	KI16bFMD106	612	coral	KI2016b	Platygyra_sp	15	alive	KI2016b.tag612		NO	20-01-2017	25.427	20.743	440.223	n	n	n	y	y	y	Peysson_red	y	y	n	y	2	large areas bleaching		KI2016b	KI16bFMD106	KIPlaty_plate11_data.txt	NA	24.62705	18.2736	NA	0.313036172031286	0.402909443920093	0	2	2	0	0.0147720890232815	FALSE	0.0147720890232815	106	NA
299	KI16bFMD025	754_899_1060	coral	KI2016b	Platygyra_sp	32	alive	KI2016b.tag754_899_1060		NO	02-03-2017	12.687	7.195	79.496	n	n	n	y	y	n	NONE	y	y	n	y	1	small patch of bleaching . 3cm scale used		KI2016b	KI16bFMD025	KIPlaty_plate2_data.txt	NA	23.36845	18.2763	NA	0.0621546860662984	0.0810344371239779	0	2	2	0	0.0354104177050789	FALSE	0.0354104177050789	25	NA
300	KI16bFMD176	783	coral	KI2016b	Platygyra_sp	34	alive	KI2016b.tag783		NO	20-01-2017	26.089	25.113	417.391	n	n	n	y	y	y	Peysson_yellow	n	y	n	n	NONE 			KI2016b	KI16bFMD176	KIPlaty_plate8_data.txt	NA	22.38795	17.79275	NA	0.0178898015640207	0.213192694527745	0	2	2	0	0.0499721351799471	FALSE	0.0499721351799471	176	NA
302	KI16bFMD031	788	coral	KI2016b	Platygyra_sp	5	alive	KI2016b.tag788		NO	12-01-2017	42.901	28.468	806.642	n	n	n	y	y	y	Peysson_red	y	y	n	y	1	small patches around algae		KI2016b	KI16bFMD031	KIPlaty_plate7_data.txt	34.23825	22.80565	18.2004	3.16762624768138	0.456437427255915	0.0461033621333635	2	2	2	3.59068263910878e-06	0.0496252325188669	FALSE	0.049628823201506	31	NA
303	KI16bFMD032	792	coral	KI2016b	Platygyra_sp	5	alive	KI2016b.tag792		NO	02-02-2017	24.242	24.174	413.659	n	n	y	y	y	n	NONE	y	y	n	y	1	several small areas of bleaching, 3cm scale used		KI2016b	KI16bFMD032	KIPlaty_plate1_data.txt	38.1928	23.57355	20.67225	NA	0.0412243253431751	0.365503495195329	1	2	2	0	0.161674905500597	FALSE	0.161674905500597	32	NA
305	KI16bFMD034	797	coral	KI2016b	Platygyra_sp	5	alive	KI2016b.tag797		NO	02-02-2017	19.42	14.508	118.382	n	n	n	y	y	y	Peysson_red	y	y	n	y	1	two small spots of bleaching, 3cm scale used		KI2016b	KI16bFMD034	KIPlaty_plate7_data.txt	30.82885	23.21615	18.83905	2.8564992639593	0.231577470838595	0.0313248304065639	2	2	2	5.93965877159559e-05	0.0581276209067548	FALSE	0.0581870174944707	34	NA
306	KI16bFMD039	807	coral	KI2016b	Platygyra_sp	5	alive	KI2016b.tag807		NO	02-02-2017	68.34	47.346	2387.828	n	n	n	y	y	y	Halimeda, peysson_yellow	y	y	n	y	1	2 areas of bleaching, 3cm scale used		KI2016b	KI16bFMD039	KIPlaty_plate3_data.txt	NA	25.4636	19.20765	NA	0.00664680374315313	0.590080608900173	0	2	2	0	0.015804921416111	FALSE	0.015804921416111	39	NA
307	KI16bFMD068	820	coral	KI2016b	Platygyra_sp	5	alive	KI2016b.tag820		NO	02-02-2017	30.253	18.511	344.435	n	n	n	y	y	y	Halimeda, Peysson_red	y	y	n	y	2	large area on top is bleached, 3cm scale used		KI2016b	KI16bFMD068	KIPlaty_plate3_data.txt	38.28695	22.7989	18.46005	1.03909341495363	0.0173948268171887	0.428577420077167	2	2	2	2.59752249209833e-07	0.059689363184857	FALSE	0.0596896229371062	68	NA
308	KI16bFMD038	824	coral	KI2016b	Platygyra_sp	5	alive	KI2016b.tag824		NO	02-02-2017	17.736	16.719	224.749	n	n	n	y	y	y	Peysson_red	y	y	n	n	NONE	3cm scale used		KI2016b	KI16bFMD038	KIPlaty_plate11_data.txt	NA	23.95735	18.30075	NA	0.220122340983372	0.886358350217337	0	2	2	0	0.0239449904803998	FALSE	0.0239449904803998	38	NA
309	KI16bFMD182	850	coral	KI2016b	Platygyra_sp	34	alive	KI2016b.tag850		NO	25-01-2017	17.122	15.978	205.794	n	n	n	y	y	n	NONE	y	y	n	y	1	small area around edge and possible small area on top		KI2016b	KI16bFMD182	KIPlaty_plate9_data.txt	32.3333	22.66995	17.6054	5.61782195517088	0.302995255738435	0.308722820666046	2	2	2	8.90248528950525e-06	0.0360943709740466	FALSE	0.0361032734593361	182	NA
310	KI16bFMD178	857	coral	KI2016b	Platygyra_sp	34	alive	KI2016b.tag857		NO	25-01-2017	36.985	24.244	350.162	n	n	n	y	y	n	NONE	y	y	n	n	NONE			KI2016b	KI16bFMD178	KIPlaty_plate9_data.txt	37.57435	22.98555	17.6918	2.50591572184701	0.0724784450716205	0.23603224356007	2	2	2	2.49923444377566e-07	0.0307923902823942	FALSE	0.0307926402058386	178	NA
311	KI16bFMD160	906	coral	KI2016b	Platygyra_sp	8	alive	KI2016b.tag906		NO	17-01-2017	42.657	39.873	1042.675	n	n	n	y	y	y	Halimeda, Peysson_red	y	y	n	y	1	a few small patches less than 5cm		KI2016b	KI16bFMD160	KIPlaty_plate8_data.txt	39.22355	22.51905	17.9863	0.353058415846442	0.187454007692551	0.0144249783362071	2	2	2	9.77240961743122e-08	0.0521827820715846	FALSE	0.0521828797956808	160	NA
312	KI16bFMD165	909	coral	KI2016b	Platygyra_sp	8	alive	KI2016b.tag909		JL	11-01-2017	23.581	21.526	336.408	n	n	n	y	y	n	NONE	y	y	n	y	1	a few small spots less than 5cm, one bleached patch around algal patch 		KI2016b	KI16bFMD165	KIPlaty_plate8_data.txt	32.7039	22.61545	17.7934	NA	0.197212081272928	0.131804704013174	1	2	2	0	0.0427011185640006	FALSE	0.0427011185640006	165	NA
313	KI16bFMD156	919	coral	KI2016b	Platygyra_sp	8	alive	KI2016b.tag919		NO	20-01-2017	30.644	24.73	405.428	n	n	n	y	y	y	Peysson_red, peysson_yellow	Y	Y	N	N	NONE 			KI2016b	KI16bFMD156	KIPlaty_plate5_data.txt	31.9469	23.52005	17.70815	3.09953186465311	0.655417275481811	0.0953887047820665	2	2	2	1.24956855301405e-05	0.0215012995843905	FALSE	0.0215137952699206	156	NA
314	KI16bFMD003	925	coral	KI2016b	Platygyra_sp	35	alive	KI2016b.tag925		NO	19/01/2017	25.513	24.511	475.15	n	n	n	y	y	y	Halimeda	y	y	n	y	1	two small areas		KI2016b	KI16bFMD003	KIPlaty_plate2_data.txt	NA	22.48945	18.47	NA	0.0187383297014451	0.341108311244392	0	2	2	0	0.0744810732584484	FALSE	0.0744810732584484	3	NA
315	KI16bFMD006	933	coral	KI2016b	Platygyra_sp	35	alive	KI2016b.tag933		NO	25-01-2017	25.919	25.458	432.995	n	n	n	y	y	y	Halimeda	n	y	n	y	NONE 	one spot of bleaching, possible bleaching along top dome		KI2016b	KI16bFMD006	KIPlaty_plate1_data.txt	NA	25.1842	18.4327	NA	0.132370389438122	0.0313955410846824	0	2	2	0	0.0112102920372431	FALSE	0.0112102920372431	6	NA
316	KI16bFMD074	1005	coral	KI2016b	Platygyra_sp	37	alive	KI2016b.tag1005		NO	19/01/2017	23.432	21.394	238.698	n	n	y	y	y	y	Peysson_red	y	y	n	n	NONE			KI2016b	KI16bFMD074	KIPlaty_plate10_data.txt	38.9679	24.3955	19.90575	NA	0.0315369624409194	0.0869034234078251	1	2	2	0	0.0537615175401447	FALSE	0.0537615175401447	74	NA
317	KI16bFMD079	1011	coral	KI2016b	Platygyra_sp	37	alive	KI2016b.tag1011		NO	02-03-2017	16.002	13.666	176.008	n	n	n	y	y	y	Peysson_red	y	y	n	n	NONE	 3cm scale used		KI2016b	KI16bFMD079	KIPlaty_plate2_data.txt	NA	23.462	18.52215	NA	0.015132085117392	0.170342023587839	0	2	2	0	0.0393530065743341	FALSE	0.0393530065743341	79	NA
319	KI16bFMD86	1017	coral	KI2016b	Platygyra_sp	37	alive	KI2016b.tag1017		NO	25-01-2017	28.475	23.807	486.289	n	n	n	y	y	y	Peysson_red	y	y	n	n	NONE			KI2016b	KI16bFMD086	KIPlaty_plate4_data.txt	NA	23.77835	18.78855	NA	0.023122391744799	0.0663973267534178	0	2	2	0	0.0380138161382119	FALSE	0.0380138161382119	86	NA
320	KI16bFMD084	1020	coral	KI2016b	Platygyra_sp	37	alive	KI2016b.tag1020		NO	01-02-2017	44.104	34.567	1052.926	n	n	n	y	y	y	Peysson_red	y	y	n	y	2	2.54cm scale used. one area of bleaching over 5cm		KI2016b	KI16bFMD084	KIPlaty_plate13_data.txt	33.6909	24.3832	17.9277	3.81187123602044	0.273791745675431	0.0353553390593279	2	2	2	4.343650865477e-06	0.0137632755612323	FALSE	0.0137676192120977	84	NA
321	KI16bFMD083	1022	coral	KI2016b	Platygyra_sp	37	alive	KI2016b.tag1022		NO	25-01-2017	23.69	20.089	313.805	n	n	n	y	y	y	Peysson_red	y	y	n	y	1	small area bleaching		KI2016b	KI16bFMD083	KIPlaty_plate4_data.txt	32.25315	24.09365	18.80985	4.9966286478985	0.121551655685968	0.00926309883354479	2	2	2	2.16877449445244e-05	0.0310054937072211	FALSE	0.0310271814521657	83	NA
322	KI16bFMD080	1023	coral	KI2016b	Platygyra_sp	37	alive	KI2016b.tag1023		NO	02-03-2017	21.99	15.651	229.368	n	n	n	y	y	n	NONE	y	y	n	y	1	3cm scale used; 1 bleaching spot		KI2016b	KI16bFMD080	KIPlaty_plate2_data.txt	NA	23.0314	17.8004	NA	0.0233345237791544	0.100550584284729	0	2	2	0	0.0321612585087454	FALSE	0.0321612585087454	80	NA
323	KI16bFMD081	1024	coral	KI2016b	Platygyra_sp	37	alive	KI2016b.tag1024		NO	23-03-2017	16.518	3.222	22.306	n	n	n	y	y	n	NONE	n	y	n	y	1	Estimated measurements because of overhang, 3cm scale used		KI2016b	KI16bFMD081	KIPlaty_plate4_data.txt	38.7679	23.69355	18.57705	NA	0.0259508188695461	0.0738926586339953	1	2	2	0	0.034817771386365	FALSE	0.034817771386365	81	NA
324	KI16bFMD094	1028	coral	KI2016b	Platygyra_sp	37	alive	KI2016b.tag1028		NO	25-01-2017	30.343	23.967	540.136	n	n	y	y	y	n	NONE	y	y	n	n	NONE			KI2016b	KI16bFMD094	KIPlaty_plate3_data.txt	30.9109	24.02885	18.5527	NA	0.241476965775206	0.0339411254969531	1	2	2	0	0.0271353564870496	FALSE	0.0271353564870496	94	NA
325	KI16bFMD096	1031	coral	KI2016b	Platygyra_sp	37	alive	KI2016b.tag1031		NO	25-01-2017	24.26	21.129	400.082	n	n	n	y	y	y	Peysson_red	y	y	n	y	1	small edge of bleaching		KI2016b	KI16bFMD096	KIPlaty_plate3_data.txt	28.9943	22.79145	18.5209	NA	0.101469823100269	0.2134048265621	1	2	2	0	0.0625831320576705	FALSE	0.0625831320576705	96	NA
326	KI16bFMD140	1036	coral	KI2016b	Platygyra_sp	40	alive	KI2016b.tag1036		NO	20-01-2017	27.238	24.906	512.024	n	n	n	y	y	y	peysson_brown, peysson_yellow	y	n	n	y	1	several patches of bleaching		KI2016b	KI16bFMD140	KIPlaty_plate8_data.txt	NA	22.90065	17.59175	NA	0.116460486861424	0.215596857583778	0	2	2	0	0.0304707257405579	FALSE	0.0304707257405579	140	NA
327	KI16bFMD152	1049	coral	KI2016b	Platygyra_sp	40	alive	KI2016b.tag1049		NO	25-01-2017	25.442	14.94	243.67	n	n	n	y	y	y	Peysson_red, peysson_yellow	y	y	n	n	NONE			KI2016b	KI16bFMD152	KIPlaty_plate9_data.txt	34.8749	23.16725	18.02155	2.48265190874597	0.0327390439689362	0.270751186516329	2	2	2	2.04026725952639e-06	0.0341201469946677	FALSE	0.0341221872619272	152	NA
328	KI16bFMD131	1055	coral	KI2016b	Platygyra_sp	40	alive	KI2016b.tag1055		NO	25-01-2017	26.356	21.716	430.98	n	n	n	y	y	y	Peysson_red	n	y	y	n	NONE			KI2016b	KI16bFMD131	KIPlaty_plate8_data.txt	29.6036	23.5348	17.89615	NA	0.107197388027882	0.133006785541191	1	2	2	0	0.0242447749484598	FALSE	0.0242447749484598	131	NA
330	KI17aFL101	62	coral	KI2017a	Platygyra_sp	8	alive	KI2017a.tag62		NO	08-09-2017	32.722	31.356	777.952	n	n	n	y	y	y	Peysson_red	y	y	n	y	1	one small spot		KI2017a	KI17aFMD101	KIPlaty_plate9_data.txt	39.9852	23.6884	19.4179	NA	0.0694378859125204	0.638658844767688	1	2	2	0	0.0625853010613328	FALSE	0.0625853010613328	101	NA
331	KI17aFL010	99	coral	KI2017a	Platygyra_sp	35	alive	KI2017a.tag99		NO	18-09-2017	24.042	22.317	393.783	n	n	n	y	y	y	Peysson_red, peysson_yellow	y	y	n	y	1	corallites bleaching in a few spots		KI2017a	KI17aFMD010	KIPlaty_plate6_data.txt	NA	22.5072	17.94175	NA	0.242961890015697	0.323642773749082	0	2	2	0	0.051013315266327	FALSE	0.051013315266327	10	NA
332	KI17aFL065	157	coral	KI2017a	Platygyra_sp	3	alive	KI2017a.tag157		NO	02-10-2017	29.935	26.881	608.357	n	n	y	y	y	n	NONE	y	y	n	y	1	small area bleaching		KI2017a	KI17aFMD065	KIPlaty_plate6_data.txt	33.16835	24.1501	18.96155	4.36758645535495	0.558472935781137	0.126359981798035	2	2	2	1.27755026226914e-05	0.0331216343327268	FALSE	0.0331344098353495	65	NA
334	KI17aFL072	223	coral	KI2017a	Platygyra_sp	3	alive	KI2017a.tag223		NO	07-09-2017	29.172	25.715	250.519	n	n	n	y	y	y	Caulerpa, Peysson_red	y	y	n	y	1	two small areas of bleaching, other areas of lightening		KI2017a	KI17aFMD072	KIPlaty_plate8_data.txt	35.9986	26.03665	17.17675	1.34859405307898	0.128764144854072	0.293802867583009	2	2	2	5.21326154862368e-07	0.00259971226798984	FALSE	0.0026002335941447	72	NA
335	KI17aFL228	328	coral	KI2017a	Platygyra_sp	34	alive	KI2017a.tag328		NO	14-09-2017	20.664	14.224	256.557	n	n	n	y	y	y	Peysson_red	y	y	n	y	1	several small areas of bleaching and lightening		KI2017a	KI17aFMD228	KIPlaty_plate8_data.txt	38.4367	25.55225	16.618	NA	0.377807153187974	0.072549155749739	1	2	2	0	0.00246912856296247	FALSE	0.00246912856296247	228	NA
336	KI17aFL052	379	coral	KI2017a	Platygyra_sp	25	alive	KI2017a.tag379		NO	02-10-2017	22.732	16.36	55.144	n	n	n	y	y	y	Peysson_brown	y	y	y	y	1	several bleached patches		KI2017a	KI17aFMD052	KIPlaty_plate9_data.txt	NA	22.50205	17.70645	NA	0.0931259630822698	0.0651245345472825	0	2	2	0	0.0434912104342633	FALSE	0.0434912104342633	52	NA
340	KI17aFL222	783	coral	KI2017a	Platygyra_sp	34	alive	KI2017a.tag783		NO	14-09-2017	27.708	21.591	399.167	n	n	n	y	y	y	Caulerpa	y	y	n	y	1	Several small spots of bleaching		KI2017a	KI17aFMD222	KIPlaty_plate9_data.txt	35.7961	22.807	17.89225	NA	0.0407293505963457	0.242184072556393	1	2	2	0	0.0400436605314148	FALSE	0.0400436605314148	222	NA
341	KI17aFL017	788	coral	KI2017a	Platygyra_sp	5	alive	KI2017a.tag788		NO	07-09-2017	16.643	14.603	311.37	n	n	n	y	y	n	NONE	y	y	n	y	1	3cm scale used, several small spots of bleaching		KI2017a	KI17aFMD017	KIPlaty_plate8_data.txt	37.8065	23.03895	18.0572	1.57034273965908	0.0980757105505742	0.283832661968279	2	2	2	2.74106443338319e-07	0.0382265198263657	FALSE	0.0382267939328091	17	NA
342	KI17aFL019	792	coral	KI2017a	Platygyra_sp	5	alive	KI2017a.tag792		NO	07-09-2017	29.682	26.761	589.986	n	n	n	y	y	y	Caulerpa	y	y	n	y	1	3cm scale used, several small spots of bleaching		KI2017a	KI17aFMD019	KIPlaty_plate8_data.txt	34.68525	23.35905	17.9751	7.09362451818533	0.0372645273685321	0.0664680374315338	2	2	2	2.25317309033873e-06	0.0289261408804208	FALSE	0.0289283940535111	19	NA
343	KI17aFL020	797	coral	KI2017a	Platygyra_sp	5	alive	KI2017a.tag797		NO	07-09-2017	19.525	17.428	134.401	n	n	n	y	y	y	Halimeda	y	y	n	y	1	several bleached patches		KI2017a	KI17aFMD020	KIPlaty_plate8_data.txt	NA	22.6015	18.3337	NA	0.0582655987697714	0.189080353289284	0	2	2	0	0.0627025389597572	FALSE	0.0627025389597572	20	NA
344	KI17aFL022	807	coral	KI2017a	Platygyra_sp	5	alive	KI2017a.tag807		NO	07-09-2017	59.424	45.15	2107.969	n	n	n	y	y	y	Halimeda, Caulerpa	y	y	n	n	NONE 			KI2017a	KI17aFMD022	KIPlaty_plate10_data.txt	38.9278	23.2194	18.65595	NA	0.00014142135623698	0.491368502246532	1	2	2	0	0.0510840837792842	FALSE	0.0510840837792842	22	NA
345	KI17aFL026	813	coral	KI2017a	Platygyra_sp	5	alive	KI2017a.tag813		NO	07-09-2017	17.744	16.057	228.738	n	n	n	y	y	y	Halimeda, Caulerpa	y	y	n	y	1	small area bleaching		KI2017a	KI17aFMD026	KIPlaty_plate10_data.txt	NA	22.5233	17.28615	NA	0.0292742207411227	0.217293913858627	0	2	2	0	0.0320244515232975	FALSE	0.0320244515232975	26	NA
346	KI17aFL027	820	coral	KI2017a	Platygyra_sp	5	alive	KI2017a.tag820		NO	08-09-2017	33.427	29.923	694.86	n	n	n	y	y	y	Halimeda	y	y	n	y	1	one bleached spot		KI2017a	KI17aFMD027	KIPlaty_plate9_data.txt	32.16205	22.76735	17.71955	6.0045386538018	0.420516402771639	0.649760421232316	2	2	2	1.08498872594656e-05	0.036515876541638	FALSE	0.0365267264288975	27	NA
347	KI17aFL034	824	coral	KI2017a	Platygyra_sp	5	alive	KI2017a.tag824		NO	08-09-2017	23.485	2.895	399.13	n	n	n	y	y	n	NONE	y	y	y	y	1	one small patch		KI2017a	KI17aFMD034	KIPlaty_plate8_data.txt	32.7882	23.92755	18.43235	3.9371705576467	0.511733177544705	0.0914289068074211	2	2	2	1.15215119497676e-05	0.0267794041760718	FALSE	0.0267909256880216	34	NA
348	KI17aFL224	857	coral	KI2017a	Platygyra_sp	34	alive	KI2017a.tag857		NO	14-09-2017	23.98	13.489	316.138	n	n	n	y	y	y	peysson_brown, peysson_red	y	y	n	y	1	Several small spots of bleaching		KI2017a	KI17aFMD224	KIPlaty_plate9_data.txt	36.04025	23.8275	18.225	1.59148523241656	0.141987041662259	0.293449314192419	2	2	2	1.0474331329314e-06	0.0248599580517471	FALSE	0.02486100548488	224	NA
350	KI17aFL104	906	coral	KI2017a	Platygyra_sp	8	alive	KI2017a.tag906		NO	08-09-2017	27.726	13.428	375.092	n	n	n	y	y	y	Caulerpa	y	n	n	y	2	large areas bleaching		KI2017a	KI17aFMD104	KIPlaty_plate9_data.txt	36.8524	22.7876	18.27485	NA	0.109035865658965	0.112642110243018	1	2	2	0	0.0529112265633005	FALSE	0.0529112265633005	104	NA
351	KI17aFL110	909	coral	KI2017a	Platygyra_sp	8	alive	KI2017a.tag909		NO	08-09-2017	18.76	16.003	222.155	n	n	n	y	y	y	peysson_brown, peysson_RED	y	y	n	y	1	3cm scale used, bleaching around one hole		KI2017a	KI17aFMD110	KIPlaty_plate8_data.txt	32.4762	23.29315	17.79105	5.43468129884357	0.138946482503157	0.204000306372321	2	2	2	9.17023144884764e-06	0.0266516316966812	FALSE	0.02666080192813	110	NA
352	KI17aFL121	919	coral	KI2017a	Platygyra_sp	8	alive	KI2017a.tag919		NO	08-09-2017	20.152	19.944	175.215	n	n	n	y	y	y	Caulerpa	y	y	n	y	3	all pale		KI2017a	KI17aFMD121	KIPlaty_plate10_data.txt	38.6864	23.58065	17.169	NA	0.087610530189015	0.306742921678723	1	2	2	0	0.0141880258312673	FALSE	0.0141880258312673	121	NA
353	KI17aFL008	925	coral	KI2017a	Platygyra_sp	35	alive	KI2017a.tag925		NO	21-09-2017	34.088	32.276	861.982	n	n	n	y	y	y	Caulerpa, Peysson_red, Peysson_Yellow	y	y	n	y	1	one small patch		KI2017a	KI17aFMD008	KIPlaty_plate3_data.txt	29.15235	23.5169	19.2698	0.0248194480196478	0.51406662992262	0.199686955007083	2	2	2	0.000255921607042627	0.0636086894275338	FALSE	0.0638646110345764	8	NA
355	KI17aFL074	1005	coral	KI2017a	Platygyra_sp	37	alive	KI2017a.tag1005		NO	21-09-2017	25.38	18.391	283.31	n	n	n	y	y	y	Peysson_red, peysson_yellow	y	y	n	y	1	small spots of bleaching		KI2017a	KI17aFMD074	KIPlaty_plate10_data.txt	NA	22.8813	18.6217	NA	0.0588312841947193	0.0472347329832618	0	2	2	0	0.0630599428272278	FALSE	0.0630599428272278	74	NA
356	KI17aFL078	1011	coral	KI2017a	Platygyra_sp	37	alive	KI2017a.tag1011		NO	21-09-2017	20.503	17.732	284.662	n	n	n	y	y	n	NONE	y	y	n	y	1	one spot of bleaching		KI2017a	KI17aFMD078	KIPlaty_plate9_data.txt	29.11565	23.66515	18.06435	0.298045508270129	0.357301056533561	0.158604051020142	2	2	2	0.000113835612011699	0.0248892690543836	FALSE	0.0250031046663953	78	NA
357	KI17aFL079	1013	coral	KI2017a	Platygyra_sp	37	alive	KI2017a.tag1013		NO	21-09-2017	22.912	22.124	386.699	n	n	n	y	y	n	NONE	y	y	n	n	NONE			KI2017a	KI17aFMD079	KIPlaty_plate6_data.txt	38.7883	24.6907	16.8009	NA	0.00735391052434054	0.140148564031174	1	2	2	0	0.00509277491833366	FALSE	0.00509277491833366	79	NA
358	KI17aFL084	1017	coral	KI2017a	Platygyra_sp	37	alive	KI2017a.tag1017		NO	21-09-2017	22.484	19.186	312.789	n	n	n	y	y	y	Halimeda	y	y	y	y	1	three small areas of bleaching		KI2017a	KI17aFMD084	KIPlaty_plate6_data.txt	NA	24.05245	18.69805	NA	0.0574877813104655	0.182221417511773	0	2	2	0	0.0295247299099365	FALSE	0.0295247299099365	84	NA
359	KI17aFL085	1020	coral	KI2017a	Platygyra_sp	37	alive	KI2017a.tag1020		NO	21-09-2017	32.066	27.194	600.129	n	n	n	y	y	n	NONE	y	y	n	y	1	several small areas of bleaching and lightening		KI2017a	KI17aFMD085	KIPlaty_plate7_data.txt	NA	23.0128	18.57875	NA	0.0562856997824511	0.321945717474236	0	2	2	0	0.0558777473794517	FALSE	0.0558777473794517	85	NA
360	KI17aFL089	1022	coral	KI2017a	Platygyra_sp	37	alive	KI2017a.tag1022		NO	21-09-2017	16.51	14.973	186.128	n	n	n	y	y	y	Caulerpa	y	y	n	y	1	several small areas of bleaching and lightening		KI2017a	KI17aFMD089	KIPlaty_plate7_data.txt	37.34875	24.5741	18.18205	1.7576553259954	0.120490995514188	0.767705832334237	2	2	2	4.10486917076034e-07	0.0143820951747861	FALSE	0.0143825056617032	89	NA
361	KI17aFL087	1023	coral	KI2017a	Platygyra_sp	37	alive	KI2017a.tag1023		NO	21-09-2017	24.497	17.609	333.967	n	n	n	y	y	n	NONE	y	y	y	y	1	several small areas of bleaching and lightening		KI2017a	KI17aFMD087	KIPlaty_plate6_data.txt	31.522	25.57585	19.1586	0.49511616818682	0.49674251378355	0.556068772725101	2	2	2	4.58454974530467e-05	0.0141330599940689	FALSE	0.0141789054915219	87	NA
362	KI17aFL088	1024	coral	KI2017a	Platygyra_sp	37	alive	KI2017a.tag1024		NO	21-09-2017	25.152	14.657	246.983	n	n	n	y	y	n	NONE	y	y	y	y	1	one spot of bleaching		KI2017a	KI17aFMD088	KIPlaty_plate6_data.txt	NA	22.5836	18.26535	NA	0.027011479041326	0.0550836182544318	0	2	2	0	0.0605477715186473	FALSE	0.0605477715186473	88	NA
363	KI17aFL095	1028	coral	KI2017a	Platygyra_sp	37	alive	KI2017a.tag1028		NO	21-09-2017	22.604	19.348	319.293	n	n	y	y	y	n	NONE	y	y	n	y	1	3cm scale used, small spots of bleaching		KI2017a	KI17aFMD095	KIPlaty_plate5_data.txt	33.075	24.30155	18.2689	4.92627152317044	0.0299106168441916	0.257386868351904	2	2	2	8.43277900479442e-06	0.0184506783912469	FALSE	0.0184591111702517	95	NA
364	KI17aFL099	1031	coral	KI2017a	Platygyra_sp	37	alive	KI2017a.tag1031		NO	21-09-2017	25.269	24.632	446.367	n	n	y	y	y	n	NONE	y	y	n	y	1	small spots of bleaching		KI2017a	KI17aFMD099	KIPlaty_plate7_data.txt	37.1903	22.6814	18.2751	NA	0.00537401153701529	0.857437682866806	1	2	2	0	0.056962949976904	FALSE	0.056962949976904	99	NA
365	KI17aFL270	1036	coral	KI2017a	Platygyra_sp	40	alive	KI2017a.tag1036		NO	25-09-2017	20.233	18.328	314.526	n	n	n	y	y	y	Halimeda, Peysson_yellow	y	y	n	y	1	several areas of bleaching		KI2017a	KI17aFMD270	KIPlaty_plate6_data.txt	NA	23.61605	17.5053	NA	0.390676496605566	0.381130555059548	0	2	2	0	0.0174784089371436	FALSE	0.0174784089371436	270	NA
366	KI17aFL280	1049	coral	KI2017a	Platygyra_sp	40	alive	KI2017a.tag1049		NO	25-09-2017	26.319	19.943	403.784	n	n	n	y	y	y	Peysson_red, peysson_yellow	y	y	n	n	NONE			KI2017a	KI17aFMD280	KIPlaty_plate10_data.txt	NA	24.47775	17.19175	NA	0.0355674710936833	0.498580991414633	0	2	2	0	0.00773956218091928	FALSE	0.00773956218091928	280	NA
367	KI15cFMD501	783	coral	KI2015c	Platygyra_sp	34	alive	KI2015c.tag783		JL	16-12-2015	20.845	18.162	325.976	n	n	n	y	y	n	NONE	n	y	n	y	1	many patches <5cm *CCA		KI2015c	KI15cFMD501	KIPlaty_plate8_data.txt	24.34525	26.7144	17.5886	0.101611244456509	0.00155563491860929	0.145805418280668	2	2	2	0.00223406918174533	0.00216212803357787	FALSE	0.00439619721532319	501	NA
