"","SampleID","coral_tag","SampleType","field_season","Coral_Species","site","Status","ref","before.after","annotator","date_annotated","colony_width1","colony_width2","colony_area","binary_tissue_loss","binary_disease","cyanobacteria_contact","binary_algal_contact","turf_contact","binary_macroalgae_contact","type_of_macroalgae","binary_CCA_contact","sediment_contact","binary_coral_contact","binary_bleaching","bleaching_proportion","notes_bleaching","notes","Year_Pre_Post","Sample.Name","File.Name","C.CT.mean","D.CT.mean","PaxC.CT.mean","C.CT.sd","D.CT.sd","PaxC.CT.sd","C.reps","D.reps","PaxC.reps","C.PaxC","D.PaxC","fail","S.H","Sample.Num","Pre.Post","dom","S.H.log","C.PaxC.log","D.PaxC.log","CtoD","S.H.log10","C.PaxC.log10","D.PaxC.log10","bleaching2Plus"
"10","KI15cFSYM372","62","coral","KI2015c","Platygyra_sp","8","alive","KI2015c.tag62","during","HD","7/10/2015","25.475","24.216","514.923","y","y","n","y","y","n","NONE","y","n","y","y","2","Large patches (harder to tell because of shadow)","","KI2015c","KI15cFMD372","KIPlaty_plate11_data.txt",32.6015,27.17035,18.23485,1.01455680964646,0.307662160494266,0.513713076532025,2,2,2,1.14355840606341e-05,0.00246699015261462,FALSE,0.00247842573667526,372,NA,"D",-6.00013170396435,-11.3734539621047,-6.00473167594942,1.89408196333876,-2.60582408972447,-4.93942829592275,-2.6078218321745,"2"
"11","KI16aFSYM001","62","coral","KI2016a","Platygyra_sp","8","alive","KI2016a.tag62","after","HD","24-06-2016","33.62","32.466","847.208","n","n","n","y","y","n","NONE","y","y","y","y","FALSE","top of coral bleaching; DC edited 2 to NONE","","KI2016a","KI16aFMD001","KIPlaty_plate13_data.txt",29.2292,23.2145,17.7676,0.0601040764008571,0.115258405333407,0.00141421356237231,2,2,2,8.56575285256849e-05,0.0276911287453237,FALSE,0.0277767862738494,1,NA,"D",-3.58355463323458,-9.36444066262334,-3.58664097335826,2.61092223397403,-1.55631800281261,-4.06692490588775,-1.5576583832976,"FALSE"
"14","KI15bFSYM023","99","coral","KI2015b","Platygyra_sp","35","alive","KI2015b.tag99","before","HD","5/8/2016","19.694","18.238","292.203","n","n","n","y","y","n","NONE","y","y","y","n","FALSE","","","KI2015b","KI15bFMD023","KIPlaty_plate0_data.txt",23.91065,34.8926,19.02305,0.04942676400494,NA,0.119430335342408,2,1,2,0.00816087509817942,0,FALSE,0.00816087509817942,23,NA,"C",-4.80840387333223,-4.80839638931358,-16.6111407886174,0.289468161789856,-2.08826326895041,-2.08826001868241,-7.21412678261458,"FALSE"
"15","KI15cFSYM018","99","coral","KI2015c","Platygyra_sp","35","alive","KI2015c.tag99","during","HD","2/11/2015","15.334","14.777","177.033","n","y","n","y","y","n","NONE","y","n","y","y","3","One large patch; DC edited 2 to 3","","KI2015c","KI15cFMD018","KIPlaty_plate0_data.txt",27.4158,34.8467,18.08375,0.16291740238538,NA,0.966685680560127,2,1,2,0.000374821044721822,0,FALSE,0.000374821044721822,18,NA,"C",-7.88906185997188,-7.88889892516536,-16.6111407886174,0.474916143662519,-3.42617603317919,-3.42610527149181,-7.21412678261458,"3"
"16","KI16aFSYM049","99","coral","KI2016a","Platygyra_sp","35","alive","KI2016a.tag99","after","HD","12/7/2016","21.339","20.661","332.947","n","n","n","y","y","n","NONE","y","y","y","y","FALSE","large areas bleached; DC edited 2 to NONE","","KI2016a","KI16aFMD049","KIPlaty_plate0_data.txt",34.60955,25.42795,19.387,5.720988834546,0.125511453660611,0.314521096271777,2,2,2,6.31839506756689e-06,0.018344834154207,FALSE,0.0183511525492746,49,NA,"D",-3.9980628972292,-11.9624253108159,-3.99840393225269,2.99180010661812,-1.73633665456877,-5.19521530266714,-1.73648476419761,"FALSE"
"19","KI15cFSYM161","157","coral","KI2015c","Platygyra_sp","3","UK","KI2015c.tag157","during","HD","1/10/2015","18.832","17.49","278.21","n","n","n","y","y","n","NONE","y","n","y","y","FALSE","Most of coral bleached but not very white; DC edited 3 to 1","","KI2015c","KI15cFMD161","KIPlaty_plate11_data.txt",24.73655,30.3365,19.17225,0.0444770165366332,0.227688383542068,0.725138004106803,2,2,2,0.00510539951735367,0.000526316291260669,FALSE,0.00563171580861433,161,NA,"C",-5.17934112151774,-5.27744460739556,-7.54949217350005,0.699046304852166,-2.24935926896976,-2.29196507154196,-3.27870279212286,"FALSE"
"31","KI15cFSYM171","223","coral","KI2015c","Platygyra_sp","3","UK","KI2015c.tag223","during","JL","20-11-2015","29.02","28.088","594.321","n","n","n","y","y","n","NONE","y","y","y","y","FALSE","coral is lighter in colour, a few small bleached spots ","","KI2015c","KI15cFMD171","KIPlaty_plate11_data.txt",24.8614,NA,16.6087,0.076084689655671,NA,0.0960251008851329,2,0,2,0.000792028287193294,0,FALSE,0.000792028287193294,171,NA,"C",-7.14091345063451,-7.14083633973305,-16.6111407886174,0.429882356100805,-3.10125930735928,-3.10122581852028,-7.21412678261458,"FALSE"
"35","KI15cFSYM180","234","coral","KI2015c","Platygyra_sp","3","UK","KI2015c.tag234","during","JL","20-11-2015","27.031","22.458","456.68","n","n","n","y ","y","n","NONE","y","n","y","y","2","~50% severely bleached, other areas have light bleaching","","KI2015c","KI15cFMD180","KIPlaty_plate13_data.txt",25.614,NA,18.2782,0.521703383159435,NA,0.173806846815653,2,0,2,0.00149539214710602,0,FALSE,0.00149539214710602,180,NA,"C",-6.50536680077909,-6.50532595856732,-16.6111407886174,0.39162427441618,-2.82524490433497,-2.82522716678777,-7.21412678261458,"2"
"42","KI15bFSYM164","253","coral","KI2015b","Platygyra_sp","8","gone","KI2015b.tag253","before","JM","1/6/2016","20.013","16.514","187.261","n","n","n","y","y","n","NONE","y","y","y","y","FALSE","few small patches bleached","","KI2015b","KI15bFQ164","KIPlaty_plate6_data.txt",23.57585,NA,17.3018,0.0774281925399274,NA,0.0362038671967523,2,0,2,0.0031215744225755,0,FALSE,0.0031215744225755,164,NA,"C",-5.76941778181957,-5.76939821612475,-16.6111407886174,0.347321011214242,-2.50562630643874,-2.50561780916545,-7.21412678261458,"FALSE"
"43","KI15cFSYM365","253","coral","KI2015c","Platygyra_sp","8","gone","KI2015c.tag253","during","HD","21-09-2015","27.708","21.005","374.508","y","y","n","y","y","n","NONE","y","n","y","y","FALSE","Small very white spots","","KI2015c","KI15cFMD365","KIPlaty_plate3_data.txt",22.9602,37.07945,18.74645,0.470508852201527,0.791181777469626,0.260851691579717,2,2,2,0.0130192448161991,3.65795224730471e-06,FALSE,0.0130229027684464,365,NA,"C",-4.34104572016539,-4.34132195448538,-12.5020480481586,0.347248861767477,-1.88529220195756,-1.88541216899844,-5.42957047980459,"FALSE"
"51","KI14FSYM278","278","coral","KI2014","Platygyra_sp","14","dead_or_gone","KI2014.tag278","before","DL","1/3/2016","29.689","24.829","441.862","n","n","n","y","y","n","NONE","y","y","y","y","FALSE","a few small bleached areas ","","KI2014","KI14FQ192","KIPlaty_plate6_data.txt",23.88535,NA,18.4208,0.145734707602547,NA,0.151462272530157,2,0,2,0.00547088360431345,0,FALSE,0.00547088360431345,192,NA,"C",-5.20831513915629,-5.20830397532363,-16.6111407886174,0.313542822952446,-2.26194252494875,-2.26193767655782,-7.21412678261458,"FALSE"
"55","KI16aFSYM108","289","coral","KI2016a","Platygyra_sp","14","alive","KI2016a.tag289","after","JM","10/6/2016","16","14.863","157.824","n","n","n","y","y","n","NONE","y","y","n","y","FALSE","small bleached patch to lower right ","","KI2016a","KI16aFMD108","KIPlaty_plate5_data.txt",35.9996,23.47385,18.03295,NA,0.0511238202797888,0.513713076532028,1,2,2,0,0.0278065327217058,FALSE,0.0278065327217058,108,NA,"D",-3.58248429590195,-16.6111407886174,-3.58248209942879,4.63676867813687,-1.55585316121527,-7.21412678261458,-1.5558522072991,"FALSE"
"62","KI15cFSYM488","328","coral","KI2015c","Platygyra_sp","34","alive","KI2015c.tag328","during","JL","4/1/2016","17.347","16.209","208.612","n","n","n","y","y","n","NONE","n","y","n","y","3","entire coral is severeley bleached (completely white) except for the edges that contact the ground, which are normal colour","","KI2015c","KI15cFMD488","KIPlaty_plate0_data.txt",29.58425,33.5523,17.77535,0.0852063671329789,NA,0.218708127420999,2,1,2,6.7331427496325e-05,0,FALSE,6.7331427496325e-05,488,NA,"C",-9.60588345414178,-9.60497676483178,-16.6111407886174,0.578224992916409,-4.17178217793952,-4.17138840777539,-7.21412678261458,"3"
"63","KI16aFSYM116","328","coral","KI2016a","Platygyra_sp","34","alive","KI2016a.tag328","after","JM","16-06-2016","14.025","12.206","76.608","n","n","n","y","y","n","NONE","n","y","n","n","FALSE","bleaching?","","KI2016a","KI16aFMD116","KIPlaty_plate0_data.txt",33.01735,24.24265,17.19825,1.93160359416729,0.166947911038144,0.328168257148676,2,2,2,4.17856664711196e-06,0.0091505087519918,FALSE,0.00915468731863891,116,NA,"D",-4.6934892556018,-12.3710314863423,-4.6939391253101,2.63553300460091,-2.03835648458006,-5.37267070996984,-2.03855186051195,"FALSE"
"65","KI14FSYM338","338_1168","coral","KI2014","Platygyra_sp","34","UK","KI2014.tag338_1168","before",NA,NA,NA,NA,NA,NA,NA,NA,NA,NA,NA,NA,NA,NA,NA,NA,NA,NA,NA,NA,"KI14FQ229","KIPlaty_plate5_data.txt",24.05585,NA,20.57665,0.276832304834534,NA,0.786373451357558,2,0,2,0.0216624402052746,0,FALSE,0.0216624402052746,229,NA,"C",-3.83217538423161,-3.83217256477621,-16.6111407886174,0.230698939557611,-1.66429262305726,-1.66429139858334,-7.21412678261458,NA
"72","KI15bFSYM263","353","coral","KI2015b","Platygyra_sp","34","gone","KI2015b.tag353","before","JM","27-05-2016","13.763","12.476","124.129","n","n","n","y","y","n","NONE","y","n","n","n","FALSE","","","KI2015b","KI15bFMD263","KIPlaty_plate11_data.txt",24.2761,35.8132,18.67075,0.232496709654138,NA,0.303419519807149,2,1,2,0.00496217928790765,0,FALSE,0.00496217928790765,263,NA,"C",-5.30591026217914,-5.30589795387857,-16.6111407886174,0.319418035245019,-2.30432754833823,-2.30432220291122,-7.21412678261458,"FALSE"
"73","KI15cFSYM496","353","coral","KI2015c","Platygyra_sp","34","gone","KI2015c.tag353","during","JL","16-12-2015","17.616","15.801","217.646","n","n","n","y","y","n","NONE","y","y","n","y","FALSE","entire coral is bleaching but not completely white, a few patches of severe bleaching; DC edited 2 to 1","","KI2015c","KI15cFMD496","KIPlaty_plate9_data.txt",23.8355,35.7687,17.4616,0.544189378801167,1.97848477375996,0.213121983849626,2,2,2,0.00291283475953694,3.72421468781356e-06,FALSE,0.00291655897422476,496,NA,"C",-5.83735079108534,-5.83860756000088,-12.4843877763263,0.467672717686038,-2.53512923750194,-2.53567504530699,-5.42190072119892,"FALSE"
"77","KI14FSYM379","379","coral","KI2014","Platygyra_sp","25","UK","KI2014.tag379","before","JL","20-01-2016","13.947","11.191","108.839","n","n","n","y","y","y","Halimeda","y","y","n","y","FALSE","a few patches <5cm where where the ridges are bleaching (Platygyra)","","KI2014","KI14FQ254","KIPlaty_plate5_data.txt",22.83915,34.21365,17.25315,0.421647773621538,0.381766951162619,0.049709606717414,2,2,2,0.00502918234255982,9.47112788436692e-06,FALSE,0.00503865347044419,254,NA,"C",-5.2906164011574,-5.29248571991541,-11.5608345706772,0.45779443409209,-2.2976855088895,-2.29849734371102,-5.02080666024144,"FALSE"
"78","KI15cFSYM404","379","coral","KI2015c","Platygyra_sp","25","UK","KI2015c.tag379","during","HD","29-10-2015","18.846","14.525","218.027","n","n","n","y","y","y","Caulerpa, Peysson_red","y","n","y","y","2","Top very bleached","","KI2015c","KI15cFMD404","KIPlaty_plate5_data.txt",24.97305,26.2013,18.48945,1.99821305295507,2.35565553084487,0.193393704654522,2,2,2,0.00269955921364208,0.00576133024517883,FALSE,0.00846088945882092,404,NA,"D",-4.77230097391404,-5.91464414919051,-5.15657628456256,1.14700991952692,-2.07258397895238,-2.56869731641479,-2.23947262589869,"2"
"85","KI15bFSYM131","389","coral","KI2015b","Platygyra_sp","30","UK","KI2015b.tag389","before","JM","2/6/2016","14.989","12.397","145.45","n","n","n","y","y","n","NONE","y","y","n","n","FALSE","","","KI2015b","KI15bFMD131","KIPlaty_plate2_data.txt",27.0357,24.6196,19.1089,0.17649385258416,0.218071731317933,0.60542482605192,2,2,2,0.00099276479552304,0.0264932321518197,FALSE,0.0274859969473428,131,NA,"D",-3.59407860591174,-6.91495526489182,-3.63086366375025,1.90449322951154,-1.560888506074,-3.00312691415036,-1.57686405370976,"FALSE"
"90","KI14FSYM410","410_893","coral","KI2014","Platygyra_sp","25","UK","KI2014.tag410_893","before","JL","19-02-2016","25.965","23.755","413.118","n","n","n","y","y","n","NONE","y","y","y","n","FALSE","","","KI2014","KI14FQ271","KIPlaty_plate5_data.txt",24.70795,30.81855,19.6433,0.00247487373415468,0.135269527240988,0.270397633125734,2,2,2,0.00721837383792107,0.000522318589915503,FALSE,0.00774069242783657,271,NA,"C",-4.8612641344211,-4.93111712044942,-7.55711590440909,0.652513099285989,-2.11122018865327,-2.14155695502983,-3.28201373638817,"FALSE"
"101","KI15cFSYM348","442","coral","KI2015c","Platygyra_sp","30","gone","KI2015c.tag442","during","HD","5/11/2015","43.754","18.796","564.161","n","y","n","y","y","n","NONE","n","n","y","y","FALSE","Many small patches","","KI2015c","KI15cFMD348","KIPlaty_plate3_data.txt",33.5003,25.0833,19.47595,4.69914882505332,0.300944646072994,0.379928473531531,2,2,2,1.44977604047303e-05,0.0247765250636366,FALSE,0.0247910228240414,348,NA,"D",-3.69727367424438,-11.1373124102327,-3.69785617901896,3.01182952258231,-1.6057055548105,-4.83687332299667,-1.60595853341978,"FALSE"
"110","KI15bFSYM140","466","coral","KI2015b","Platygyra_sp","27","dead","KI2015b.tag466","before","HD","6/5/2016","12.456","10.338","96.233","n","n","n","y","y","n","NONE","n","y","y","y","FALSE",">80% of coral bleaching; DC edited 3 to 1","","KI2015b","KI15bFMD140","KIPlaty_plate2_data.txt",29.6684,24.4618,17.8318,NA,0.34902790719368,0.133501760288021,1,2,2,0,0.0121952882811156,FALSE,0.0121952882811156,140,NA,"D",-4.40670560830578,-16.6111407886174,-4.40670060012429,3.7695188069162,-1.91380792905931,-7.21412678261458,-1.91380575403373,"FALSE"
"111","KI15cFSYM064","466","coral","KI2015c","Platygyra_sp","27","dead","KI2015c.tag466","during","JL","20-11-2015","8.79","8.775","63.406","n","n","n","y","y","n","NONE","n","y","n","y","2","one pactch >5cm","","KI2015c","KI15cFMD064","KIPlaty_plate4_data.txt",32.68645,23.79545,17.96925,4.17596051765339,0.539593184723453,0.190282434817299,2,2,2,8.96875758433793e-06,0.0212892313491785,FALSE,0.0212982001067628,64,NA,"D",-3.84913271186717,-11.6149765789284,-3.84955103569018,3.01722888493825,-1.67165709687721,-5.0443202356641,-1.67183877260519,"2"
"114","KI15bFSYM138","470","coral","KI2015b","Platygyra_sp","27","gone","KI2015b.tag470","before","HD","6/5/2016","10.455","8.053","65.825","n","n","n","y","y","n","NONE","y","y","y","y","FALSE","many small areas are bleached or starting to; DC edited 2 to NONE","","KI2015b","KI15bFMD138","KIPlaty_plate2_data.txt",34.1921,25.1092,18.5978,5.4253474893319,0.162493138316669,0.0786302740679442,2,2,2,4.88313663533857e-06,0.0132401903367205,FALSE,0.0132450734733558,138,NA,"D",-4.32412960902126,-12.2172927551329,-4.32449373974945,2.8251382682868,-1.8779456282324,-5.30590282735078,-1.87810376819834,"FALSE"
"115","KI15cFSYM072","470","coral","KI2015c","Platygyra_sp","27","gone","KI2015c.tag470","during","JL","20-11-2015","16.542","12.04","164.169","n","n","n","y ","y","n","NONE","n","y","n","y","FALSE","diffuse bleaching; DC deleted NO's data for this same coral","","KI2015c","KI15cFMD072","KIPlaty_plate2_data.txt",36.59865,25.672,19.98455,0.627981532371774,0.322016428152354,0.0666801694658918,2,2,2,2.40828836165752e-06,0.0234383963136032,FALSE,0.0234408046019649,72,NA,"D",-3.75327698884006,-12.9115496340653,-3.75337712744693,3.43998196707928,-1.63002748530769,-5.6074147588945,-1.63007097495208,"FALSE"
"143","KI15aFSYM043","594","coral","KI2015a","Platygyra_sp","15","alive","KI2015a_Pre.tag594","before","JL","22-03-2016","33.181","30.075","749.895","n","n","n","y","y","n","NONE","y","y","y","y","FALSE","several small bleached patches, some severely bleached, others starting to bleach","","KI2015a_Pre","KI15aFQ043","KIPlaty_plate6_data.txt",23.81235,NA,18.6596,0.14149206691543,NA,0.320036529165032,2,0,2,0.00679076384431577,0,FALSE,0.00679076384431577,43,"Pre","C",-4.99219184825771,-4.99218285426281,-16.6111407886174,0.300532210146797,-2.16808137230072,-2.16807746625837,-7.21412678261458,"FALSE"
"144","KI15cFSYM114","594","coral","KI2015c","Platygyra_sp","15","alive","KI2015c.tag594","during","JL","11/12/2015","34.713","31.673","808.882","n","n","n","y","y","n","NONE","n","y","y","y","2","most of coral is bleaching, top portion of coral is severly bleached, some areas still have a bit of colour ~2/3-3/4 bleached","","KI2015c","KI15cFMD114","KIPlaty_plate1_data.txt",27.63695,NA,19.806,0.0061518289963237,NA,0.121198102295373,2,0,2,0.00106096264509367,0,FALSE,0.00106096264509367,114,NA,"C",-6.84857862723335,-6.84852106195302,-16.6111407886174,0.412284812289706,-2.97429990668799,-2.9742749064044,-7.21412678261458,"2"
"145","KI16aFSYM158","594","coral","KI2016a","Platygyra_sp","15","alive","KI2016a.tag594","after","HD","10/6/2016","25.892","22.888","521.106","n","n","n","y","y","n","NONE","y","y","y","y","FALSE","algae growing but mostly bleached; DC edited 3 to NONE","","KI2016a","KI16aFMD158","KIPlaty_plate3_data.txt",24.36,30.01085,18.17435,0.142269884374733,0.0144956890143256,0.258164685811207,2,2,2,0.00331882799790012,0.000330277811745006,FALSE,0.00364910580964513,158,NA,"C",-5.61327312506,-5.70812516823393,-8.01539149675758,0.712145522841024,-2.43781354362938,-2.47900726257706,-3.48104029733606,"FALSE"
"153","KI15cFSYM126","612","coral","KI2015c","Platygyra_sp","15","alive","KI2015c.tag612","during","JL","2/12/2015","24.696","18.39","376.403","n","n","n","y","y","n","NONE","n","y","n","y","FALSE","one small patch <5cm","","KI2015c","KI15cFMD126","KIPlaty_plate11_data.txt",28.01755,NA,19.4227,0.294227131651723,NA,0.236173664916307,2,0,2,0.000624803249578072,0,FALSE,0.000624803249578072,126,NA,"C",-7.37807375846309,-7.3779760102759,-16.6111407886174,0.44415829738386,-3.20425672037571,-3.20421426887739,-7.21412678261458,"FALSE"
"154","KI16aFSYM164","612","coral","KI2016a","Platygyra_sp","15","alive","KI2016a.tag612","after","JM","13-06-2016","21.382","18.293","255.684","n","n","n","y","y","n","NONE","y","y","n","y","2","most of the coral bleached; used 5 point scale","","KI2016a","KI16aFMD164","KIPlaty_plate11_data.txt",36.4474,24.6516,17.204,NA,0.106914545315406,0.402485179851384,1,2,2,0,0.00691942404621881,FALSE,0.00691942404621881,164,NA,"D",-4.97342274313159,-16.6111407886174,-4.97341391637086,3.33998759563103,-2.15993005351419,-7.21412678261458,-2.15992622010071,"2"
"155","KI15aFSYM067","618","coral","KI2015a","Platygyra_sp","15","alive","KI2015a_Pre.tag618","before","DL","22-03-2016","30.028","28.432","598.108","n","n","n","y","y","n","NONE","y","y","y","n","FALSE","","","KI2015a_Pre","KI15aFQ067","KIPlaty_plate7_data.txt",23.92015,NA,17.259,0.0959543902070144,NA,0.552533238819167,2,0,2,0.0023869591258659,0,FALSE,0.0023869591258659,67,"Pre","C",-6.03773505541432,-6.03770946821932,-16.6111407886174,0.363473499204617,-2.62215501776027,-2.62214390538267,-7.21412678261458,"FALSE"
"156","KI15cFSYM129","618","coral","KI2015c","Platygyra_sp","15","alive","KI2015c.tag618","during","JL","3/12/2015","37.719","34.759","921.111","n","n","n","y","y","n","NONE","n","y","y","y","3","entire coral is severely bleached","","KI2015c","KI15cFMD129","KIPlaty_plate2_data.txt",29.55155,NA,18.7604,0.00827314933988342,NA,0.0394565583902078,2,0,2,0.000136329894976771,0,FALSE,0.000136329894976771,129,NA,"C",-8.9004329111269,-8.89998500721808,-16.6111407886174,0.535784093366825,-3.86540889985251,-3.86521437765649,-7.21412678261458,"3"
"157","KI16aFSYM160","618","coral","KI2016a","Platygyra_sp","15","alive","KI2016a.tag618","after","HD","16-09-2016","28.747","27.236","612.9","n","n","n","y","y","n","NONE","y","y","y","y","FALSE","many large bleached patches; DC edited 2 to 1","","KI2016a","KI16aFMD160","KIPlaty_plate11_data.txt",38.694,25.20275,17.86865,NA,0.0596091016540277,0.0572049385979915,1,2,2,0,0.0074857764067141,FALSE,0.0074857764067141,160,NA,"D",-4.89475053813804,-16.6111407886174,-4.89474237918197,3.39367008553238,-2.12576314900632,-7.21412678261458,-2.12575960561673,"FALSE"
"164","KI15bFSYM020","637","coral","KI2015b","Platygyra_sp","35","alive","KI2015b.tag637","before","HD","5/8/2016","10.713","8.647","74.676","n","n","n","y","y","n","NONE","n","y","n","y","FALSE","large area bleached; DC edited 2 to 1","","KI2015b","KI15bFMD020","KIPlaty_plate2_data.txt",27.42325,NA,20.8245,0.254629151905275,NA,0.0408707719525827,2,0,2,0.0024924660642974,0,FALSE,0.0024924660642974,20,NA,"C",-5.99448267134739,-5.9944581672538,-16.6111407886174,0.360869746607736,-2.60337074603083,-2.60336010403821,-7.21412678261458,"FALSE"
"166","KI16aFSYM047","637","coral","KI2016a","Platygyra_sp","35","alive","KI2016a.tag637","after","HD","12/7/2016","10.16","9.188","69.53","n","n","n","y","y","n","NONE","n","y","y","y","2","large area bleach and much starting to bleach; DC edited 3 to 2","","KI2016a","KI16aFMD047","KIPlaty_plate7_data.txt",29.3336,23.86335,18.0018,NA,0.231294628126121,0.0172534054609517,1,2,2,0,0.0207739255621554,FALSE,0.0207739255621554,47,NA,"D",-3.87405665740449,-16.6111407886174,-3.87405371735929,4.28779309749485,-1.68248142889133,-7.21412678261458,-1.68248015204592,"2"
"179","KI15bFSYM205","727","coral","KI2015b","Platygyra_sp","27","gone","KI2015b.tag727","before","JM","25-05-2016","18.879","13.867","195.383","n","n","n","y","y","n","NONE","y","y","n","y","FALSE","several small bleached spots","","KI2015b","KI15bFMD205","KIPlaty_plate2_data.txt",24.46985,NA,18.91895,0.0324562012564623,NA,0.124380082810715,2,0,2,0.00515304025249932,0,FALSE,0.00515304025249932,205,NA,"C",-5.26816839819764,-5.26815654577557,-16.6111407886174,0.317145981291394,-2.28793646507433,-2.28793131763283,-7.21412678261458,"FALSE"
"180","KI15cFSYM083","727","coral","KI2015c","Platygyra_sp","27","gone","KI2015c.tag727","during","NO","18-10-2017","31.989","21.616","521.758","n","n","n","y","y","n","NONE","n","y","n","y","FALSE","half the coral is bleaching; DC edited 2 to 1","","KI2015c","KI15cFMD083","KIPlaty_plate2_data.txt",26.45675,34.8198,20.4814,0.303702362519623,NA,2.77440416666354,2,1,2,0.0038396474788235,0,FALSE,0.0038396474788235,83,NA,"C",-5.56237471898631,-5.56235881234786,-16.6111407886174,0.334857122887032,-2.41570864673391,-2.4157017385686,-7.21412678261458,"FALSE"
"185","KI15cFSYM065","735","coral","KI2015c","Platygyra_sp","27","gone","KI2015c.tag735","during","NO","18-10-2017","13.093","9.281","95.878","n","n","n","y","y","n","NONE","n","y","n","y","FALSE","few small bleached spots","","KI2015c","KI15cFMD065","KIPlaty_plate1_data.txt",34.02835,25.1548,19.2476,4.32233162135901,1.25695301423721,0.350300699399816,2,2,2,8.58226320287161e-06,0.0201268843815096,FALSE,0.0201354666447125,65,NA,"D",-3.90527250914829,-11.6587215251918,-3.90569579163511,2.98505622228988,-1.69603830105157,-5.06331842443746,-1.69622213029988,"FALSE"
"188","KI15bFSYM219","742","coral","KI2015b","Platygyra_sp","32","dead","KI2015b.tag742","before","JM","26-05-2016","10.798","10.382","85.011","n","n","n","y","y","n","NONE","n","y","y","n","FALSE","","","KI2015b","KI15bFMD219","KIPlaty_plate2_data.txt",34.87615,24.98805,18.68995,0.00318198051533958,0.369180450457495,0.428011734652217,2,2,2,3.23980761630427e-06,0.0153498425999268,FALSE,0.0153530824075431,219,NA,"D",-4.17643901679923,-12.6213202507262,-4.17664608012844,3.02187928030954,-1.81380441900135,-5.48136973922415,-1.81389434546263,"FALSE"
"189","KI15cFSYM436","742","coral","KI2015c","Platygyra_sp","32","dead","KI2015c.tag742","during","HD","22-10-2015","19.867","19.87","317.871","n","n","n","y","y","n","NONE","n","y","n","n","FALSE","","","KI2015c","KI15cFMD436","KIPlaty_plate9_data.txt",37.4881,24.4012,17.47385,NA,0.0197989898732224,0.00445477272147492,1,2,2,0,0.00992386394991183,FALSE,0.00992386394991183,436,NA,"D",-4.61281292244528,-16.6111407886174,-4.61280676796933,3.60109183501091,-2.00331919827,-7.21412678261458,-2.00331652541505,"FALSE"
"190","KI15bFSYM231","754_899_1060","coral","KI2015b","Platygyra_sp","32","alive","KI2015b.tag754_899_1060","before","JM","26-05-2016","15.038","14.335","164.541","n","n","n","y","y","n","NONE","y","y","n","y","FALSE","a few blaeched spots around algal patches ","","KI2015b","KI15bFMD231","KIPlaty_plate0_data.txt",NA,23.93345,18.7971,NA,0.00403050865276398,0.391737156777349,0,2,2,0,0.0343419952617696,FALSE,0.0343419952617696,231,NA,"D",-3.37138632206242,-16.6111407886174,-3.37138454358929,4.92709762824404,-1.46417447603581,-7.21412678261458,-1.46417370365474,"FALSE"
"191","KI15cFSYM468","754_899_1060","coral","KI2015c","Platygyra_sp","32","alive","KI2015c.tag754_899_1060","during","JL","12/11/2015","16.384","12.883","178.142","n","n","n","y","y","n","NONE","n","y","n","y","FALSE","a few spots <5cm ","","KI2015c","KI15cFMD468","KIPlaty_plate0_data.txt",NA,23.31015,17.8274,NA,0.00530330085889931,0.13081475451951,0,2,2,0,0.0270115019535851,FALSE,0.0270115019535851,468,NA,"D",-3.61149250540839,-16.6111407886174,-3.6114902442864,4.59952531088718,-1.56845126653381,-7.21412678261458,-1.56845028454101,"FALSE"
"193","KI15bFSYM239","762","coral","KI2015b","Platygyra_sp","32","dead","KI2015b.tag762","before","HD","27-05-2016","10.758","9.336","81.041","n","n","m","y","y","n","NONE","n","y","y","n","FALSE","","","KI2015b","KI15bFMD239","KIPlaty_plate7_data.txt",29.41675,23.8193,17.7015,0.280084996027992,0.318198051533946,0.165180144085177,2,2,2,7.18471062820561e-05,0.0173932057627229,FALSE,0.017465052869005,239,NA,"D",-4.04755337358764,-9.54012049370356,-4.05167211092178,2.35461316526256,-1.75783009535801,-4.14322168710758,-1.75961884025463,"FALSE"
"194","KI15cFSYM474","762","coral","KI2015c","Platygyra_sp","32","dead","KI2015c.tag762","during","JL","12/11/2015","13.594","13.039","143.675","n","n","n","y","y","n","NONE","n","y","n","y","FALSE","two main patches <5cm ","","KI2015c","KI15cFMD474","KIPlaty_plate8_data.txt",32.4535,24.4474,18.0514,NA,0.177766644790298,0.311126983722082,1,2,2,0,0.014342771842196,FALSE,0.014342771842196,474,NA,"D",-4.24450916805476,-16.6111407886174,-4.24450490972585,3.9135638058881,-1.84336691007394,-7.21412678261458,-1.8433650607052,"FALSE"
"196","KI15cFSYM472","766","coral","KI2015c","Platygyra_sp","32","dead","KI2015c.tag766","during","JL","12/11/2015","23.427","21.575","384.659","n","n","n","y","y","n","NONE","n","y","n","y","FALSE","one prominent spot <5cm, a few lighter areas ","","KI2015c","KI15cFMD472","KIPlaty_plate8_data.txt",34.0917,23.75495,17.1498,5.47951186877079,0.568018877327154,0.0643467170879766,2,2,2,1.91880505674027e-06,0.0124071680992707,FALSE,0.0124090869043275,472,NA,"D",-4.38932625988373,-13.1324736005357,-4.38947597821293,2.99180896893353,-1.90626017394054,-5.70336081845281,-1.90632519578476,"FALSE"
"197","KI15bFSYM245","768","coral","KI2015b","Platygyra_sp","32","dead","KI2015b.tag768","before","HD","27-05-2016","13.079","12.948","122.799","n","n","n","y","y","n","NONE","n","y","n","y","FALSE","a few small spots","","KI2015b","KI15bFMD245","KIPlaty_plate11_data.txt",36.7365,23.8925,18.9477,NA,0.0261629509039041,0.717571961548109,1,2,2,0,0.0392182146908478,FALSE,0.0392182146908478,245,NA,"D",-3.23861397962616,-16.6111407886174,-3.23861242228035,5.12909191428387,-1.40651218036637,-7.21412678261458,-1.40651150401968,"FALSE"
"198","KI15cFSYM460","768","coral","KI2015c","Platygyra_sp","32","dead","KI2015c.tag768","during","JL","13-11-2015","16.501","14.93","204.927","n","n","n","n","n","n","NONE","n","y","n","y","FALSE","several patches <5cm","","KI2015c","KI15cFMD460","KIPlaty_plate9_data.txt",33.6225,24.22715,17.51665,5.09088598183066,0.0140714249456147,0.40057599154218,2,2,2,3.42536599656312e-06,0.0115334478512024,FALSE,0.0115368732171989,460,NA,"D",-4.4622070063321,-12.5666287208786,-4.46249866076845,2.8160520990979,-1.93791187996006,-5.45761750960448,-1.93803854387239,"FALSE"
"207","KI16aFSYM118","783","coral","KI2016a","Platygyra_sp","34","alive","KI2016a.tag783","after","JM","16-06-2016","20.63","16.079","226.487","n","n","n","y","y","n","NONE","y","y","n","y","FALSE","small patches starting to bleach","","KI2016a","KI16aFMD118","KIPlaty_plate11_data.txt",34.921,23.2371,18.35905,NA,1.37602979618902,0.0973686037693893,1,2,2,0,0.0410753782916079,FALSE,0.0410753782916079,118,NA,"D",-3.19234640532378,-16.6111407886174,-3.19234491839105,5.20342920745215,-1.3864184281558,-7.21412678261458,-1.38641778238912,"FALSE"
"212","KI15cFSYM253","788","coral","KI2015c","Platygyra_sp","5","alive","KI2015c.tag788","during","JL","25-11-2015","33.819","27.862","858.226","n","n","n","y","y","n","NONE","n","y","n","y","FALSE","widespread but not completely bleached; DC edited 2 to 1","","KI2015c","KI15cFMD253","KIPlaty_plate5_data.txt",24.7097,NA,17.7467,0.208455079093793,NA,0.245083210359259,2,0,2,0.00193632867989136,0,FALSE,0.00193632867989136,253,NA,"C",-6.24696153186634,-6.24692999000705,-16.6111407886174,0.376068692060432,-2.71302092195144,-2.713007223496,-7.21412678261458,"FALSE"
"213","KI16aFSYM088","788","coral","KI2016a","Platygyra_sp","5","alive","KI2016a.tag788","after","HD","3/6/2016","34.442","34.224","883.711","n","n","n","y","y","n","NONE","y","y","y","y","FALSE","most of coral bleached or starting to bleach; DC edited 3 to 1","","KI2016a","KI16aFMD088","KIPlaty_plate3_data.txt",37.52735,22.6848,17.91785,0.274569563134737,0.0557200143575007,0.370736085376107,2,2,2,3.01997423574653e-07,0.0443635206795624,FALSE,0.044363822676986,88,NA,"D",-3.11533094625002,-14.8286597352573,-3.11533637683948,4.75989040718007,-1.35297103925882,-6.4400050970432,-1.35297339773385,"FALSE"
"214","KI15bFSYM288","792","coral","KI2015b","Platygyra_sp","5","alive","KI2015b.tag792","before","HD","5/8/2016","18.074","17.316","246.693","n","n","n","n","n","n","NONE","y","y","y","y","FALSE","some small areas","","KI2015b","KI15bFMD288","KIPlaty_plate0_data.txt",24.58215,33.90305,18.6919,0.111369318036883,1.15138197180605,0.00820243866176493,2,2,2,0.00407294931751299,3.18426001675792e-05,FALSE,0.00410479191768057,288,NA,"C",-5.49560022733072,-5.50337289842052,-10.3527893028527,0.531583589449082,-2.38670885347599,-2.39008448163994,-4.49615926653596,"FALSE"
"215","KI15cFSYM254","792","coral","KI2015c","Platygyra_sp","5","alive","KI2015c.tag792","during","JL","25-11-2015","33.266","29.339","824.397","n","n","n","y","y","n","NONE","y","y","y","y","FALSE","large proportion of coral bleached but not severe; DC edited 2 to 1","","KI2015c","KI15cFMD254","KIPlaty_plate0_data.txt",24.43635,26.98525,17.60305,0.0314662517628009,0.0692257538781624,0.199899087041436,2,2,2,0.00211847170836276,0.00181007811234684,FALSE,0.0039285498207096,254,NA,"C",-5.53948492356306,-6.15703151257121,-6.31435153681748,0.97508532375352,-2.40576773488969,-2.67396481081411,-2.74228802923715,"FALSE"
"216","KI16aFSYM089","792","coral","KI2016a","Platygyra_sp","5","alive","KI2016a.tag792","after","JM","8/6/2016","32.789","31.958","760.42","n","n","n","y","y","y","Halimeda","y","y","n","y","FALSE","small bleached patches","","KI2016a","KI16aFMD089","KIPlaty_plate0_data.txt",28.7593,23.46305,17.5615,NA,0.0671044335346027,0.110591500577577,1,2,2,0,0.020205861475205,FALSE,0.020205861475205,89,NA,"D",-3.90178254462689,-16.6111407886174,-3.90177952192589,4.25732430427496,-1.69452262871789,-7.21412678261458,-1.69452131597552,"FALSE"
"219","KI16aFSYM091","797","coral","KI2016a","Platygyra_sp","5","alive","KI2016a.tag797","after","HD","3/6/2016","29.133","28.132","626.296","n","n","n","y","y","n","NONE","n","y","y","y","3","coral bleached and overgrown with turf in centre","","KI2016a","KI16aFMD091","KIPlaty_plate11_data.txt",NA,23.57015,18.09955,NA,0.00021213203435547,0.435082802464084,0,2,2,0,0.0272399463518602,FALSE,0.0272399463518602,91,NA,"D",-3.60307076716458,-16.6111407886174,-3.60306852500519,4.61027612251519,-1.56479375208649,-7.21412678261458,-1.56479277832904,"3"
"222","KI15bFSYM303","807","coral","KI2015b","Platygyra_sp","5","alive","KI2015b.tag807","before","JM","3/6/2016","51.946","34.705","1375.952","n","n","n","y","y","y","Halimeda","y","y","n","n","FALSE","","","KI2015b","KI15bFMD303","KIPlaty_plate11_data.txt",24.8713,37.2792,18.58395,0.164897301372703,0.781635835923607,0.405950003079195,2,2,2,0.00309292931325642,2.84570525430361e-06,FALSE,0.00309577501851073,303,NA,"C",-5.77771699433482,-5.77861689242066,-12.7484640598478,0.453279459022896,-2.50923060863826,-2.50962142941121,-5.53658759393384,"FALSE"
"223","KI15cFSYM273","807","coral","KI2015c","Platygyra_sp","5","alive","KI2015c.tag807","during","JL","27-11-2015","70.995","55.266","2960.407","n","n","n","y","y","n","NONE","y","y","y","y","FALSE","portions of coral are lighter, a few small bleached spots; DC edited 2 to 1","","KI2015c","KI15cFMD273","KIPlaty_plate4_data.txt",25.2737,33.3562,18.38955,0.0946108873227581,0.416768736831349,0.00473761543395139,2,2,2,0.00204510350581207,3.77233590807877e-05,FALSE,0.00208282686489286,273,NA,"C",-6.17402923830814,-6.19227701244111,-10.1836133006966,0.608062858397967,-2.68134682930656,-2.68927173691953,-4.42268706232908,"FALSE"
"227","KI15bFSYM309","813","coral","KI2015b","Platygyra_sp","5","alive","KI2015b.tag813","before","JM","3/6/2016","16.361","15.124","196.08","n","n","n","y","y","n","NONE","y","y","n","n","FALSE","","","KI2015b","KI15bFMD309","KIPlaty_plate2_data.txt",24.86135,NA,17.74245,0.486277333421991,NA,0.0473054436613803,2,0,2,0.00173799491605032,0,FALSE,0.00173799491605032,309,NA,"C",-6.35502317731564,-6.35498803607542,-16.6111407886174,0.38257384709123,-2.75995149827545,-2.75993623662874,-7.21412678261458,"FALSE"
"228","KI15cFSYM277","813","coral","KI2015c","Platygyra_sp","5","alive","KI2015c.tag813","during","DC_JMI","17-09-2015","18.269","15.33","222.845","n","n","n","y","y","n","NONE","y","n","n","n","FALSE","","","KI2015c","KI15cFMD277","KIPlaty_plate4_data.txt",24.63405,NA,18.8427,0.00233345237791519,NA,0.225142799129797,2,0,2,0.0043619519024079,0,FALSE,0.0043619519024079,277,NA,"C",-5.43483563776329,-5.43482163578807,-16.6111407886174,0.327179313266204,-2.36031912753174,-2.36031304655117,-7.21412678261458,"FALSE"
"229","KI16aFSYM095","813","coral","KI2016a","Platygyra_sp","5","alive","KI2016a.tag813","after","HD","3/6/2016","18.179","15.13","22.988","n","n","n","y","y","n","NONE","y","y","y","y","FALSE","most of coral bleached or starting to bleach; DC edited 3 to 1","","KI2016a","KI16aFMD095","KIPlaty_plate4_data.txt",33.11825,24.3322,17.523,4.48256201797588,0.14453262607453,0.43105229381132,2,2,2,4.87992219802031e-06,0.0107707884440345,FALSE,0.0107756683662326,95,NA,"D",-4.53046461556734,-12.2179431079165,-4.53091191252118,2.69657484934813,-1.96755578299883,-5.30618527197599,-1.96775004159766,"FALSE"
"230","KI15bFSYM316","820","coral","KI2015b","Platygyra_sp","5","alive","KI2015b.tag820","before","HD","2/8/2016","29.031","26.736","605.214","n","n","n","y","y","y","Halimeda","y","y","y","y","FALSE","a few small bleached patches","","KI2015b","KI15bFMD316","KIPlaty_plate1_data.txt",24.5794,NA,20.725,0.0927724096916749,NA,0.0158391918985794,2,0,2,0.0167017093856139,0,FALSE,0.0167017093856139,316,NA,"C",-4.0922442063777,-4.09224054949103,-16.6111407886174,0.246355178224435,-1.77723907743039,-1.77723748926469,-7.21412678261458,"FALSE"
"231","KI15cFSYM278","820","coral","KI2015c","Platygyra_sp","5","alive","KI2015c.tag820","during","DC_JMI","17-09-2015","37.164","31.562","924.473","n","n","n","y","y","y","Halimeda, Peysson_red","y","n","y","y","FALSE","Variable, patchy bleaching: some spots completely some just lighter in colour; DC edited  2 to 1","","KI2015c","KI15cFMD278","KIPlaty_plate3_data.txt",23.9593,29.30855,18.03795,1.14834141264695,1.75694821921421,0.778878119476981,2,2,2,0.00398608883280832,0.000488913774446708,FALSE,0.00447500260725503,278,NA,"C",-5.40924834462867,-5.52492944897291,-7.62319949963464,0.724752047908192,-2.34920670731653,-2.39944637259371,-3.31071347713896,"FALSE"
"232","KI16aFSYM096","820","coral","KI2016a","Platygyra_sp","5","alive","KI2016a.tag820","after","HD","3/6/2016","41.762","37.858","1181.053","n","n","n","y","y","y","Halimeda","n","y","y","y","FALSE","a few small spots","","KI2016a","KI16aFMD096","KIPlaty_plate4_data.txt",32.5903,24.90725,17.6699,3.26145931754483,0.512440284325893,0.0786302740679442,2,2,2,7.79045800024188e-06,0.00800500307483792,FALSE,0.00801279353283816,96,NA,"D",-4.82671582304279,-11.7548015840927,-4.82768091867326,2.43487541577688,-2.0962160476626,-5.10504546383906,-2.09663518336942,"FALSE"
"233","KI15bFSYM320","824","coral","KI2015b","Platygyra_sp","5","alive","KI2015b.tag824","before","NO","16-10-2017","21.941","21.114","334.346","n","n","n","y","y","n","NONE","y","y","n","y","FALSE","four spots of bleaching, 2.54cm scale used","","KI2015b","KI15bFMD320","KIPlaty_plate11_data.txt",23.74215,36.17455,16.71295,0.14559328624631,0.235678690169477,0.202020407384996,2,2,2,0.00184948533624625,1.67299860401728e-06,FALSE,0.00185115833485027,320,NA,"C",-6.29194370888151,-6.29281485232361,-13.2650364429298,0.474391071550932,-2.73255643321312,-2.73293476600297,-5.76093212940993,"FALSE"
"234","KI15cFSYM283","824","coral","KI2015c","Platygyra_sp","5","alive","KI2015c.tag824","during","HD","21-09-2015","15.91","15.052","190.021","n","n","n","y","y","n","NONE","n","n","y","y","FALSE","A few lighter spots, algae growing in sampled area","","KI2015c","KI15cFMD283","KIPlaty_plate11_data.txt",27.9916,NA,19.0508,0.184979133958399,NA,0.236597928985018,2,0,2,0.000491588769376146,0,FALSE,0.000491588769376146,283,NA,"C",-7.6178680255778,-7.61774379048545,-16.6111407886174,0.458592452344116,-3.30839804737566,-3.30834409276059,-7.21412678261458,"FALSE"
"239","KI15bFSYM346","850","coral","KI2015b","Platygyra_sp","34","alive","KI2015b.tag850","before","JM","27-05-2016","15.29","14.812","174.219","n","n","n","y","y","n","NONE","y","y","n","y","FALSE","one side tops of ridges are bleaching ","","KI2015b","KI15bFMD346","KIPlaty_plate4_data.txt",25.1327,37.25965,17.5484,0.523966124859231,0.715521351882665,0.515339422128756,2,2,2,0.0012587779933797,1.40715986654934e-06,FALSE,0.00126018515324625,346,NA,"C",-6.67649662179357,-6.67756535595848,-13.4314487166389,0.497158980898784,-2.89956564129065,-2.90002978664109,-5.83320406160279,"FALSE"
"240","KI15cFSYM506","850","coral","KI2015c","Platygyra_sp","34","alive","KI2015c.tag850","during","JL","16-12-2015","16.807","15.759","213.15","n","n","n","y","y","y","Caulerpa","n","y","n","y","3","one large, completely bleached patch, rest of coral is lighter in colour; DC edited 2 to 3","","KI2015c","KI15cFMD506","KIPlaty_plate5_data.txt",29.9988,26.666,19.68815,0.438123361623184,0.0824486506863502,0.45247762928127,2,2,2,0.000190211168298455,0.00958249909585288,FALSE,0.00977271026415134,506,NA,"D",-4.62816144462673,-8.56705464470161,-4.6478104813426,1.8432452612024,-2.00998497675877,-3.72062455835753,-2.01851844497919,"3"
"241","KI16aFSYM120","850","coral","KI2016a","Platygyra_sp","34","alive","KI2016a.tag850","after","JM","16-06-2016","14.08","13.499","148.162","n","n","n","y","y","n","NONE","n","y","n","y","FALSE","small patches starting to bleach, some near algal colonies; used 5 point scale","","KI2016a","KI16aFMD120","KIPlaty_plate4_data.txt",35.08125,25.3689,18.4459,0.507631958213823,0.0391737156777339,0.286519667736787,2,2,2,2.37307573966905e-06,0.00995383144373499,FALSE,0.00995620451947466,120,NA,"D",-4.60955935235405,-12.9259120716503,-4.6097915962628,2.80401224257717,-2.00190619073289,-5.61365228628434,-2.00200705298092,"FALSE"
"244","KI15bFSYM353","857","coral","KI2015b","Platygyra_sp","34","alive","KI2015b.tag857","before","JM","2/6/2016","25.307","23.841","445.9","n","n","n","y","y","n","NONE","y","y","y","y","FALSE","a few small bleached patches","","KI2015b","KI15bFMD353","KIPlaty_plate11_data.txt",24.2278,NA,18.2115,0.396121218820703,NA,0.148492424049176,2,0,2,0.00373219369570244,0,FALSE,0.00373219369570244,353,NA,"C",-5.59075909603024,-5.59074273142668,-16.6111407886174,0.336565850748653,-2.42803582505635,-2.42802871799932,-7.21412678261458,"FALSE"
"245","KI15cFSYM504","857","coral","KI2015c","Platygyra_sp","34","alive","KI2015c.tag857","during","JL","16-12-2015","31.555","30.172","680.516","n","n","n","y","y","n","NONE","y","y","n","y","3","over 80% of coral is completely, severely bleached ","","KI2015c","KI15cFMD504","KIPlaty_plate8_data.txt",31.5331,34.3435,17.66455,0.652235294966471,2.57683853200002,0.191130962954726,2,2,2,1.61510734246451e-05,1.15121567943416e-05,FALSE,2.76632302189866e-05,504,NA,"C",-10.4954064555026,-11.0297496095021,-11.3668156120325,0.970346488054791,-4.55809710895657,-4.79015939218132,-4.93654529711745,"3"
"249","KI16aFSYM024","906","coral","KI2016a","Platygyra_sp","8","alive","KI2016a.tag906","after","HD","5/8/2016","34.148","31.906","707.208","n","n","n","y","y","n","NONE","n","y","y","n","FALSE","paling in a few areas","","KI2016a","KI16aFMD024","KIPlaty_plate1_data.txt",32.6213,24.5838,20.09575,3.91468456200497,0.284115504680756,0.0325976226126992,2,2,2,4.09717652434007e-05,0.0538249047743101,FALSE,0.0538658765395535,24,NA,"D",-2.92125808987219,-10.1011377969402,-2.92201787018282,3.45690486701516,-1.26868626864673,-4.38686840615552,-1.26901623704309,"FALSE"
"250","KI16aFSYM027","909","coral","KI2016a","Platygyra_sp","8","alive","KI2016a.tag909","after","HD","5/8/2016","17.874","14.61","197.765","n","n","n","y","y","n","NONE","n","y","y","y","FALSE","some areas starting to bleach","","KI2016a","KI16aFMD027","KIPlaty_plate2_data.txt",NA,23.8486,19.48825,NA,0.0306884343034975,0.0178898015640207,0,2,2,0,0.0588064280221542,FALSE,0.0588064280221542,27,NA,"D",-2.8335041099479,-16.6111407886174,-2.8335030713482,5.86240437026021,-1.23057519940056,-7.21412678261458,-1.23057474834244,"FALSE"
"252","KI16aFSYM033","914","coral","KI2016a","Platygyra_sp","8","alive","KI2016a.tag914","after","HD","5/8/2016","11.852","9.784","82.018","n","n","n","y","y","y","Halimeda","n","y","y","n","FALSE","","","KI2016a","KI16aFMD033","KIPlaty_plate11_data.txt",NA,23.8585,17.7627,NA,0.159806132548159,0.444911586722576,0,2,2,0,0.0176604715169156,FALSE,0.0176604715169156,33,NA,"D",-4.03642638445066,-16.6111407886174,-4.03642292609088,4.1153122685052,-1.75299770537561,-7.21412678261458,-1.75299620342905,"FALSE"
"253","KI16aFSYM038","919","coral","KI2016a","Platygyra_sp","8","alive","KI2016a.tag919","after","HD","5/8/2016","15.532","15.532","175.602","n","n","n","y","y","y","Halimeda","n","y","y","y","FALSE","a few small areas ","","KI2016a","KI16aFMD038","KIPlaty_plate1_data.txt",35.79695,25.25395,19.8087,1.00048538470084,0.214324065377643,0.0981464212286927,2,2,2,3.71627727521639e-06,0.0277228170085866,FALSE,0.0277265332858618,38,NA,"D",-3.58536544390746,-12.486486887371,-3.58549728303145,3.48249793591086,-1.55710442789561,-5.42281235354254,-1.55716168489966,"FALSE"
"254","KI16aFSYM054","925","coral","KI2016a","Platygyra_sp","35","alive","KI2016a.tag925","after","HD","12/7/2016","30.586","28.875","692.604","n","n","n","y","y","n","NONE","n","y","y","y","FALSE","much of coral starting to bleach; DC edited 3 to NONE","","KI2016a","KI16aFMD054","KIPlaty_plate1_data.txt",33.34925,24.94295,20.62515,4.56218224153749,0.392373552880415,0.139087903859394,2,2,2,3.57038599280223e-05,0.060566660297055,FALSE,0.060602364156983,54,NA,"D",-2.80342137417637,-10.2385425775317,-2.80400968899991,3.65139343765372,-1.21751043325443,-4.44654254415351,-1.21776593513591,"FALSE"
"255","KI16aFSYM057","928","coral","KI2016a","Platygyra_sp","35","alive","KI2016a.tag928","after","HD","12/7/2016","40.635","29.205","953.444","n","n","n","y","y","n","NONE","n","y","y","y","FALSE","large patches starting to bleach, measurements not accurate as image cut off","","KI2016a","KI16aFMD057","KIPlaty_plate2_data.txt",NA,24.0205,19.15245,NA,0.0838628642487225,0.426456099733608,0,2,2,0,0.0413610801414139,FALSE,0.0413610801414139,57,NA,"D",-3.18541493351818,-16.6111407886174,-3.18541345685644,5.21475187243365,-1.38340812819916,-7.21412678261458,-1.38340748689311,"FALSE"
"257","KI16aFSYM062","933","coral","KI2016a","Platygyra_sp","35","alive","KI2016a.tag933","after","HD","2/8/2016","19.4","18.076","267.529","n","n","n","y","n","n","NONE","n","y","n","n","FALSE","","","KI2016a","KI16aFMD062","KIPlaty_plate1_data.txt",NA,23.4191,17.62605,NA,0.0142835569799701,0.0607404725039236,0,2,2,0,0.0217840751129853,FALSE,0.0217840751129853,62,NA,"D",-3.82657607553614,-16.6111407886174,-3.82657327182361,4.3409963977251,-1.66186087418834,-7.21412678261458,-1.66185965655146,"FALSE"
"268","KI16aFSYM212","1020","coral","KI2016a","Platygyra_sp","37","alive","KI2016a.tag1020","after","JM","20-06-2016","29.415","26.859","569.436","n","n","n","y","y","n","NONE","y","y","y","y","FALSE","small patches starting to bleach","","KI2016a","KI16aFMD206","KIPlaty_plate13_data.txt",37.4359,24.563,17.77325,NA,0.356381817718021,0.226486302014051,1,2,2,0,0.0109169803634326,FALSE,0.0109169803634326,206,NA,"D",-4.51743587040024,-16.6111407886174,-4.51743027579467,3.67712167637061,-1.96189747086664,-7.21412678261458,-1.96189504116031,"FALSE"
"269","KI16aFSYM214","1022","coral","KI2016a","Platygyra_sp","37","alive","KI2016a.tag1022","after","JM","20-06-2016","15.489","15.193","169.875","n","n","n","y","y","n","NONE","n","y","n","y","FALSE","small patches starting to bleach","","KI2016a","KI16aFMD208","KIPlaty_plate4_data.txt",35.7403,24.9037,17.7853,NA,0.0960251008851329,0.0746704760932987,1,2,2,0,0.0086929868178922,FALSE,0.0086929868178922,208,NA,"D",-4.74523869129126,-16.6111407886174,-4.74523166537983,3.50059637968967,-2.0608309789416,-7.21412678261458,-2.06082792762704,"FALSE"
"270","KI16aFSYM215","1023","coral","KI2016a","Platygyra_sp","37","alive","KI2016a.tag1023","after","JM","20-06-2016","20.376","16.961","239.14","n","n","n","y","y","n","NONE","y","y","y","n","FALSE","","","KI2016a","KI16aFMD209","KIPlaty_plate4_data.txt",37.3731,23.558,17.74285,NA,0.0400222438151608,0.00586898628384723,1,2,2,0,0.0214529175138296,FALSE,0.0214529175138296,209,NA,"D",-3.84189462822651,-16.6111407886174,-3.84189178123458,4.32368784299268,-1.66851363709252,-7.21412678261458,-1.66851240065963,"FALSE"
"271","KI16aFSYM231","1024","coral","KI2016a","Platygyra_sp","37","alive","KI2016a.tag1024","after","JM","20-06-2016","22.456","10.614","164.933","n","n","n","y","y","n","NONE","n","y","y","n","FALSE","","","KI2016a","KI16aFMD225","KIPlaty_plate10_data.txt",NA,22.97365,17.98515,NA,0.022980970388562,0.212909851815271,0,2,2,0,0.0380480854961258,FALSE,0.0380480854961258,225,NA,"D",-3.26890451141663,-16.6111407886174,-3.26890290617631,5.08156444696846,-1.41966719117689,-7.21412678261458,-1.41966649402988,"FALSE"
"272","KI16aFSYM235","1028","coral","KI2016a","Platygyra_sp","37","alive","KI2016a.tag1028","after","JM","20-06-2016","25.916","21.431","419.751","n","n","n","y","y","n","NONE","n","y","n","y","FALSE","small patches starting to bleach","","KI2016a","KI16aFMD229","KIPlaty_plate9_data.txt",33.0213,23.9628,17.8523,5.14957584466915,0.345068109219035,0.541078108963946,2,2,2,6.55732839026808e-06,0.0174814379770512,FALSE,0.0174879953054415,229,NA,"D",-4.04624061599255,-11.9256561898231,-4.0466121542269,2.94707170722209,-1.75725997197838,-5.17924667631555,-1.75742132898337,"FALSE"
"273","KI16aFSYM237","1030","coral","KI2016a","Platygyra_sp","37","alive","KI2016a.tag1030","after","JM","20-06-2016","27.278","26.429","506.901","n","n","n","y","y","n","NONE","y","y","n","n","FALSE","","","KI2016a","KI16aFMD231","KIPlaty_plate9_data.txt",33.58515,23.4581,18.53005,4.85478302759248,0.376039386235006,0.381059844381429,2,2,2,7.09601051118144e-06,0.039676200116195,FALSE,0.0396832961267061,231,NA,"D",-3.22682493230607,-11.847407519952,-3.22700222498252,3.67133540480163,-1.40139226216836,-5.14526371077423,-1.40146925939942,"FALSE"
"274","KI16aFSYM238","1031","coral","KI2016a","Platygyra_sp","37","alive","KI2016a.tag1031","after","JM","20-06-2016","21.735","20.503","331.353","n","n","n","y","y","n","NONE","y","y","n","y","FALSE","small bleached patches seen","","KI2016a","KI16aFMD232","KIPlaty_plate9_data.txt",NA,22.70115,17.565,NA,0.447527881812968,0.226274169979695,0,2,2,0,0.0343467564032173,FALSE,0.0343467564032173,232,NA,"D",-3.37124769262631,-16.6111407886174,-3.37124591439971,4.92730023569795,-1.46411427003667,-7.21412678261458,-1.46411349776268,"FALSE"
"279","KI16aFSYM261","1036","coral","KI2016a","Platygyra_sp","40","alive","KI2016a.tag1036","after","JM","23-06-2016","20.556","17.106","275.323","n","n","n","y","y","n","NONE","n","y","n","y","FALSE","small patches starting to bleach","","KI2016a","KI16aFMD255","KIPlaty_plate9_data.txt",38.762,23.88135,20.51965,NA,0.0492853426487031,0.205555941290928,1,2,2,0,0.117502851444253,FALSE,0.117502851444253,255,NA,"D",-2.14129267808171,-16.6111407886174,-2.14129215829557,7.7575312291059,-0.929951594230724,-7.21412678261458,-0.929951368490469,"FALSE"
"282","KI16aFSYM265","1049","coral","KI2016a","Platygyra_sp","40","alive","KI2016a.tag1049","after","JM","23-06-2016","22.714","19.618","314.902","n","n","n","y","y","n","NONE","y","y","n","y","FALSE","many small bleached patches","","KI2016a","KI16aFMD259","KIPlaty_plate8_data.txt",32.6255,23.82055,17.70465,4.51473537651987,0.522764043331215,0.0146371103705626,2,2,2,7.7880284088769e-06,0.0174161273509595,FALSE,0.0174239153793684,259,NA,"D",-4.04991156935932,-11.7551110735805,-4.05035513590025,2.9022420699334,-1.75885424676889,-5.10517987341583,-1.75904688526997,"FALSE"
"284","KI16aFSYM272","1055","coral","KI2016a","Platygyra_sp","40","alive","KI2016a.tag1055","after","JM","23-06-2016","18.85","17.213","235.31","n","n","n","y","y","n","NONE","n","y","n","y","FALSE","small bleached patches seen","","KI2016a","KI16aFMD266","KIPlaty_plate8_data.txt",37.583,22.69405,18.01405,NA,2.17527259096418,0.284751900783822,1,2,2,0,0.0471194879697641,FALSE,0.0471194879697641,266,NA,"D",-3.05506860621389,-16.6111407886174,-3.05506731001282,5.43724216293869,-1.32679943751455,-7.21412678261458,-1.32679887458158,"FALSE"
"286","KI15cFSYM428","410_893","coral","KI2015c","Platygyra_sp","25","UK","KI2015c.tag410_893","during","JL","3/11/2015","26.859","25.882","473.508","n","n","n","y","y","n","NONE","y","y","y","y","2","Bleaching overa large poriton of the coral, ~70% bleached ","","KI2015c","KI15cFMD428","KIPlaty_plate9_data.txt",26.46125,25.00595,17.77755,0.10458109293749,0.0217081781824267,0.35418978669634,2,2,2,0.000587484975755056,0.00805481780762928,FALSE,0.00864230278338433,428,NA,"D",-4.75108620582321,-7.43955592842219,-4.82147729859296,1.54300341320559,-2.06337052223568,-3.23095808752438,-2.09394098540072,"2"
"291","KI16aFSYM017","754_899_1060","coral","KI2016a","Platygyra_sp","32","alive","KI2016a.tag754_899_1060","after","JM","21-06-2016","14.721","9.695","58.545","n","n","n","y","y","n","NONE","n","y","n","y","FALSE","one bleached patch","","KI2016a","KI16aFMD017","KIPlaty_plate0_data.txt",39.39545,23.57935,17.4801,0.0740340799902323,0.0874691088327781,0.330360288170354,2,2,2,6.10763707027196e-08,0.0176182894673679,FALSE,0.0176183505437386,17,NA,"D",-4.03881427558371,-15.9179936023047,-4.03881427558375,3.94125416920885,-1.75403475331809,-6.91309678445219,-1.7540347533181,"FALSE"
"293","KI16bFMD158","62","coral","KI2016b","Platygyra_sp","8","alive","KI2016b.tag62","recovery1","NO","12/1/2017","22.245","16.587","298.793","n","n","n","y","y","n","NONE","y","y","n","n","FALSE","7cm scale used","","KI2016b","KI16bFMD158","KIPlaty_plate8_data.txt",28.8537,23.3569,18.0498,NA,0.0674579869251952,0.0654780879378749,1,2,2,0,0.0305087667225687,FALSE,0.0305087667225687,158,NA,"D",-3.48974120314303,-16.6111407886174,-3.48973920121652,4.75999489670368,-1.51557534779543,-7.21412678261458,-1.5155744783698,"FALSE"
"294","KI16bFMD002","99","coral","KI2016b","Platygyra_sp","35","alive","KI2016b.tag99","recovery1","NO","19/01/2017","20.643","20.618","270.926","n","n","n","y","y","y","Peysson_red, peysson_yellow","y","y","n","y","FALSE","several small spots of borderline lightening/bleaching","","KI2016b","KI16bFMD002","KIPlaty_plate2_data.txt",NA,23.01565,20.6846,NA,0.0297691954879546,0.36896831842314,0,2,2,0,0.240051802198363,FALSE,0.240051802198363,2,NA,"D",-1.42690053643761,-16.6111407886174,-1.42690028200768,11.6414167115064,-0.619695029199642,-7.21412678261458,-0.619694918702129,"FALSE"
"295","KI16bFMD180","328","coral","KI2016b","Platygyra_sp","34","alive","KI2016b.tag328","recovery1","NO","19/01/2017","23.025","19.65","227.407","n","n","n","y","y","n","NONE","n","y","n","y","FALSE","one small patch","","KI2016b","KI16bFMD180","KIPlaty_plate8_data.txt",28.8866,23.3145,17.8793,0.495823274968007,0.271670425331871,0.101399112422151,2,2,2,0.000117360909534677,0.0279166119492807,FALSE,0.0280339728588154,180,NA,"D",-3.57433818789415,-9.04973639463973,-3.57853116916059,2.52889690402292,-1.5523153514585,-3.93025057887106,-1.55413634008524,"FALSE"
"296","KI16bFMD109","594","coral","KI2016b","Platygyra_sp","15","alive","KI2016b.tag594","recovery1","NO","20-01-2017","16.106","9.383","98.081","n","n","n","y","y","y","Peysson_red, peysson_yellow","n","y","n","y","2","5cm scale used, large area bleaching","","KI2016b","KI16bFMD109","KIPlaty_plate8_data.txt",24.6821,NA,18.0736,0.26177093039526,NA,0.417758686325013,2,0,2,0.00247567830877709,0,FALSE,0.00247567830877709,109,NA,"C",-6.00124085635784,-6.00121618610226,-16.6111407886174,0.361276583135971,-2.60630578848856,-2.60629507433269,-7.21412678261458,"2"
"297","KI16bFMD106","612","coral","KI2016b","Platygyra_sp","15","alive","KI2016b.tag612","recovery1","NO","20-01-2017","25.427","20.743","440.223","n","n","n","y","y","y","Peysson_red","y","y","n","y","2","large areas bleaching","","KI2016b","KI16bFMD106","KIPlaty_plate11_data.txt",NA,24.62705,18.2736,NA,0.313036172031286,0.402909443920093,0,2,2,0,0.0147720890232815,FALSE,0.0147720890232815,106,NA,"D",-4.21501575552193,-16.6111407886174,-4.21501162095141,3.9409478033344,-1.83055808375844,-7.21412678261458,-1.83055628813728,"2"
"299","KI16bFMD025","754_899_1060","coral","KI2016b","Platygyra_sp","32","alive","KI2016b.tag754_899_1060","recovery1","NO","2/3/2017","12.687","7.195","79.496","n","n","n","y","y","n","NONE","y","y","n","y","FALSE","small patch of bleaching . 3cm scale used","","KI2016b","KI16bFMD025","KIPlaty_plate2_data.txt",NA,23.36845,18.2763,NA,0.0621546860662984,0.0810344371239779,0,2,2,0,0.0354104177050789,FALSE,0.0354104177050789,25,NA,"D",-3.34074921668167,-16.6111407886174,-3.34074749186956,4.97228264903117,-1.45086895022746,-7.21412678261458,-1.45086820115108,"FALSE"
"300","KI16bFMD176","783","coral","KI2016b","Platygyra_sp","34","alive","KI2016b.tag783","recovery1","NO","20-01-2017","26.089","25.113","417.391","n","n","n","y","y","y","Peysson_yellow","n","y","n","n","FALSE","","","KI2016b","KI16bFMD176","KIPlaty_plate8_data.txt",NA,22.38795,17.79275,NA,0.0178898015640207,0.213192694527745,0,2,2,0,0.0499721351799471,FALSE,0.0499721351799471,176,NA,"D",-2.99628972530241,-16.6111407886174,-2.99628850309462,5.54390565910497,-1.30127209388225,-7.21412678261458,-1.30127156308415,"FALSE"
"302","KI16bFMD031","788","coral","KI2016b","Platygyra_sp","5","alive","KI2016b.tag788","recovery1","NO","12/1/2017","42.901","28.468","806.642","n","n","n","y","y","y","Peysson_red","y","y","n","y","FALSE","small patches around algae","","KI2016b","KI16bFMD031","KIPlaty_plate7_data.txt",34.23825,22.80565,18.2004,3.16762624768138,0.456437427255915,0.0461033621333635,2,2,2,3.59068263910878e-06,0.0496252325188669,FALSE,0.049628823201506,31,NA,"D",-3.0031835010984,-12.5203015861524,-3.00325462371547,4.16891111638844,-1.30426602266993,-5.43749789063052,-1.30429691083006,"FALSE"
"303","KI16bFMD032","792","coral","KI2016b","Platygyra_sp","5","alive","KI2016b.tag792","recovery1","NO","2/2/2017","24.242","24.174","413.659","n","n","y","y","y","n","NONE","y","y","n","y","FALSE","several small areas of bleaching, 3cm scale used","","KI2016b","KI16bFMD032","KIPlaty_plate1_data.txt",38.1928,23.57355,20.67225,NA,0.0412243253431751,0.365503495195329,1,2,2,0,0.161674905500597,FALSE,0.161674905500597,32,NA,"D",-1.82216771615191,-16.6111407886174,-1.82216733837926,9.11614451578984,-0.791357384227027,-7.21412678261458,-0.791357220162447,"FALSE"
"305","KI16bFMD034","797","coral","KI2016b","Platygyra_sp","5","alive","KI2016b.tag797","recovery1","NO","2/2/2017","19.42","14.508","118.382","n","n","n","y","y","y","Peysson_red","y","y","n","y","FALSE","two small spots of bleaching, 3cm scale used","","KI2016b","KI16bFMD034","KIPlaty_plate7_data.txt",30.82885,23.21615,18.83905,2.8564992639593,0.231577470838595,0.0313248304065639,2,2,2,5.93965877159559e-05,0.0581276209067548,FALSE,0.0581870174944707,34,NA,"D",-2.84409301623323,-9.73024602663598,-2.84511327449395,3.41998545852859,-1.23517390296967,-4.22579215692905,-1.23561699550242,"FALSE"
"306","KI16bFMD039","807","coral","KI2016b","Platygyra_sp","5","alive","KI2016b.tag807","recovery1","NO","2/2/2017","68.34","47.346","2387.828","n","n","n","y","y","y","Halimeda, peysson_yellow","y","y","n","y","FALSE","2 areas of bleaching, 3cm scale used","","KI2016b","KI16bFMD039","KIPlaty_plate3_data.txt",NA,25.4636,19.20765,NA,0.00664680374315313,0.590080608900173,0,2,2,0,0.015804921416111,FALSE,0.015804921416111,39,NA,"D",-4.14743390541733,-16.6111407886174,-4.14743004103545,4.00516479464721,-1.8012076591812,-7.21412678261458,-1.80120598090147,"FALSE"
"307","KI16bFMD068","820","coral","KI2016b","Platygyra_sp","5","alive","KI2016b.tag820","recovery1","NO","2/2/2017","30.253","18.511","344.435","n","n","n","y","y","y","Halimeda, Peysson_red","y","y","n","y","FALSE","large area on top is bleached, 3cm scale used; DC edited 2 to 1","","KI2016b","KI16bFMD068","KIPlaty_plate3_data.txt",38.28695,22.7989,18.46005,1.03909341495363,0.0173948268171887,0.428577420077167,2,2,2,2.59752249209833e-07,0.059689363184857,FALSE,0.0596896229371062,68,NA,"D",-2.81859709384103,-14.9523587529325,-2.8186004223293,5.30488771465372,-1.2241011645637,-6.49372689783636,-1.22410261010779,"FALSE"
"308","KI16bFMD038","824","coral","KI2016b","Platygyra_sp","5","alive","KI2016b.tag824","recovery1","NO","2/2/2017","17.736","16.719","224.749","n","n","n","y","y","y","Peysson_red","y","y","n","n","FALSE","3cm scale used","","KI2016b","KI16bFMD038","KIPlaty_plate11_data.txt",NA,23.95735,18.30075,NA,0.220122340983372,0.886358350217337,0,2,2,0,0.0239449904803998,FALSE,0.0239449904803998,38,NA,"D",-3.73199614274873,-16.6111407886174,-3.73199359205688,4.45100999743739,-1.62078533127999,-7.21412678261458,-1.6207842235286,"FALSE"
"309","KI16bFMD182","850","coral","KI2016b","Platygyra_sp","34","alive","KI2016b.tag850","recovery1","NO","25-01-2017","17.122","15.978","205.794","n","n","n","y","y","n","NONE","y","y","n","y","FALSE","small area around edge and possible small area on top","","KI2016b","KI16bFMD182","KIPlaty_plate9_data.txt",32.3333,22.66995,17.6054,5.61782195517088,0.302995255738435,0.308722820666046,2,2,2,8.90248528950525e-06,0.0360943709740466,FALSE,0.0361032734593361,182,NA,"D",-3.32137174021033,-11.6223429033211,-3.32161666236959,3.49900186706971,-1.44245341912275,-5.04751938969975,-1.44255978746501,"FALSE"
"310","KI16bFMD178","857","coral","KI2016b","Platygyra_sp","34","alive","KI2016b.tag857","recovery1","NO","25-01-2017","36.985","24.244","350.162","n","n","n","y","y","n","NONE","y","y","n","n","FALSE","","","KI2016b","KI16bFMD178","KIPlaty_plate9_data.txt",37.57435,22.98555,17.6918,2.50591572184701,0.0724784450716205,0.23603224356007,2,2,2,2.49923444377566e-07,0.0307923902823942,FALSE,0.0307926402058386,178,NA,"D",-3.48047957191264,-14.9834735216241,-3.48048570479544,4.30499498991756,-1.51155307245865,-6.50723987018481,-1.51155573593581,"FALSE"
"311","KI16bFMD160","906","coral","KI2016b","Platygyra_sp","8","alive","KI2016b.tag906","recovery1","NO","17-01-2017","42.657","39.873","1042.675","n","n","n","y","y","y","Halimeda, Peysson_red","y","y","n","y","FALSE","a few small patches less than 5cm","","KI2016b","KI16bFMD160","KIPlaty_plate8_data.txt",39.22355,22.51905,17.9863,0.353058415846442,0.187454007692551,0.0144249783362071,2,2,2,9.77240961743122e-08,0.0521827820715846,FALSE,0.0521828797956808,160,NA,"D",-2.95300081115136,-15.6556173525312,-2.95300151344566,5.3015947608722,-1.28247195733886,-6.79914822699309,-1.2824722623414,"FALSE"
"312","KI16bFMD165","909","coral","KI2016b","Platygyra_sp","8","alive","KI2016b.tag909","recovery1","JL","11/1/2017","23.581","21.526","336.408","n","n","n","y","y","n","NONE","y","y","n","y","FALSE","a few small spots less than 5cm, one bleached patch around algal patch ","","KI2016b","KI16bFMD165","KIPlaty_plate8_data.txt",32.7039,22.61545,17.7934,NA,0.197212081272928,0.131804704013174,1,2,2,0,0.0427011185640006,FALSE,0.0427011185640006,165,NA,"D",-3.15353016321243,-16.6111407886174,-3.15352873289097,5.2674772280858,-1.36956074839862,-7.21412678261458,-1.3695601272179,"FALSE"
"313","KI16bFMD156","919","coral","KI2016b","Platygyra_sp","8","alive","KI2016b.tag919","recovery1","NO","20-01-2017","30.644","24.73","405.428","n","n","n","y","y","y","Peysson_red, peysson_yellow","Y","Y","N","N","FALSE","","","KI2016b","KI16bFMD156","KIPlaty_plate5_data.txt",31.9469,23.52005,17.70815,3.09953186465311,0.655417275481811,0.0953887047820665,2,2,2,1.24956855301405e-05,0.0215012995843905,FALSE,0.0215137952699206,156,NA,"D",-3.83906090915032,-11.2852512406614,-3.83963905930403,2.93914377532845,-1.66728296853447,-4.90112234071108,-1.66753405595593,"FALSE"
"314","KI16bFMD003","925","coral","KI2016b","Platygyra_sp","35","alive","KI2016b.tag925","recovery1","NO","19/01/2017","25.513","24.511","475.15","n","n","n","y","y","y","Halimeda","y","y","n","y","FALSE","two small areas","","KI2016b","KI16bFMD003","KIPlaty_plate2_data.txt",NA,22.48945,18.47,NA,0.0187383297014451,0.341108311244392,0,2,2,0,0.0744810732584484,FALSE,0.0744810732584484,3,NA,"D",-2.59721023609502,-16.6111407886174,-2.59720941606998,6.39576488743558,-1.12795407387871,-7.21412678261458,-1.12795371774636,"FALSE"
"315","KI16bFMD006","933","coral","KI2016b","Platygyra_sp","35","alive","KI2016b.tag933","recovery1","NO","25-01-2017","25.919","25.458","432.995","n","n","n","y","y","y","Halimeda","n","y","n","y","FALSE","one spot of bleaching, possible bleaching along top dome","","KI2016b","KI16bFMD006","KIPlaty_plate1_data.txt",NA,25.1842,18.4327,NA,0.132370389438122,0.0313955410846824,0,2,2,0,0.0112102920372431,FALSE,0.0112102920372431,6,NA,"D",-4.49092299074382,-16.6111407886174,-4.4909175425179,3.69883005674251,-1.95038307353249,-7.21412678261458,-1.95038070739804,"FALSE"
"316","KI16bFMD074","1005","coral","KI2016b","Platygyra_sp","37","alive","KI2016b.tag1005","recovery1","NO","19/01/2017","23.432","21.394","238.698","n","n","y","y","y","y","Peysson_red","y","y","n","n","FALSE","","","KI2016b","KI16bFMD074","KIPlaty_plate10_data.txt",38.9679,24.3955,19.90575,NA,0.0315369624409194,0.0869034234078251,1,2,2,0,0.0537615175401447,FALSE,0.0537615175401447,74,NA,"D",-2.92319735511236,-16.6111407886174,-2.92319621905188,5.68252677680499,-1.26952848083948,-7.21412678261458,-1.26952798745468,"FALSE"
"317","KI16bFMD079","1011","coral","KI2016b","Platygyra_sp","37","alive","KI2016b.tag1011","recovery1","NO","2/3/2017","16.002","13.666","176.008","n","n","n","y","y","y","Peysson_red","y","y","n","n","FALSE"," 3cm scale used","","KI2016b","KI16bFMD079","KIPlaty_plate2_data.txt",NA,23.462,18.52215,NA,0.015132085117392,0.170342023587839,0,2,2,0,0.0393530065743341,FALSE,0.0393530065743341,79,NA,"D",-3.23518290108239,-16.6111407886174,-3.23518134907079,5.13453157529747,-1.40502208188783,-7.21412678261458,-1.40502140785776,"FALSE"
"319","KI16bFMD86","1017","coral","KI2016b","Platygyra_sp","37","alive","KI2016b.tag1017","recovery1","NO","25-01-2017","28.475","23.807","486.289","n","n","n","y","y","y","Peysson_red","y","y","n","n","FALSE","","","KI2016b","KI16bFMD086","KIPlaty_plate4_data.txt",NA,23.77835,18.78855,NA,0.023122391744799,0.0663973267534178,0,2,2,0,0.0380138161382119,FALSE,0.0380138161382119,86,NA,"D",-3.26980560275136,-16.6111407886174,-3.26980399606392,5.08016407363052,-1.42005853017125,-7.21412678261458,-1.42005783239576,"FALSE"
"320","KI16bFMD084","1020","coral","KI2016b","Platygyra_sp","37","alive","KI2016b.tag1020","recovery1","NO","1/2/2017","44.104","34.567","1052.926","n","n","n","y","y","y","Peysson_red","y","y","n","y","FALSE","2.54cm scale used. one area of bleaching over 5cm; DC edited 2 to 1","","KI2016b","KI16bFMD084","KIPlaty_plate13_data.txt",33.6909,24.3832,17.9277,3.81187123602044,0.273791745675431,0.0353553390593279,2,2,2,4.343650865477e-06,0.0137632755612323,FALSE,0.0137676192120977,84,NA,"D",-4.28543587791486,-12.332832222065,-4.28574698767461,2.87763889411414,-1.86114115432864,-5.35608098028144,-1.86127626758057,"FALSE"
"321","KI16bFMD083","1022","coral","KI2016b","Platygyra_sp","37","alive","KI2016b.tag1022","recovery1","NO","25-01-2017","23.69","20.089","313.805","n","n","n","y","y","y","Peysson_red","y","y","n","y","FALSE","small area bleaching","","KI2016b","KI16bFMD083","KIPlaty_plate4_data.txt",32.25315,24.09365,18.80985,4.9966286478985,0.121551655685968,0.00926309883354479,2,2,2,2.16877449445244e-05,0.0310054937072211,FALSE,0.0310271814521657,83,NA,"D",-3.4728916376424,-10.7359509943337,-3.47358890398153,3.09073735870927,-1.50825767447604,-4.66256427482286,-1.50856049339954,"FALSE"
"322","KI16bFMD080","1023","coral","KI2016b","Platygyra_sp","37","alive","KI2016b.tag1023","recovery1","NO","2/3/2017","21.99","15.651","229.368","n","n","n","y","y","n","NONE","y","y","n","y","FALSE","3cm scale used; 1 bleaching spot","","KI2016b","KI16bFMD080","KIPlaty_plate2_data.txt",NA,23.0314,17.8004,NA,0.0233345237791544,0.100550584284729,0,2,2,0,0.0321612585087454,FALSE,0.0321612585087454,80,NA,"D",-3.43699270270242,-16.6111407886174,-3.43699080363768,4.83304778442711,-1.4926669651254,-7.21412678261458,-1.49266614037207,"FALSE"
"323","KI16bFMD081","1024","coral","KI2016b","Platygyra_sp","37","alive","KI2016b.tag1024","recovery1","NO","23-03-2017","16.518","3.222","22.306","n","n","n","y","y","n","NONE","n","y","n","y","FALSE","Estimated measurements because of overhang, 3cm scale used","","KI2016b","KI16bFMD081","KIPlaty_plate4_data.txt",38.7679,23.69355,18.57705,NA,0.0259508188695461,0.0738926586339953,1,2,2,0,0.034817771386365,FALSE,0.034817771386365,81,NA,"D",-3.35762735052831,-16.6111407886174,-3.35762559635755,4.94728799025052,-1.45819903062188,-7.21412678261458,-1.4581982687952,"FALSE"
"324","KI16bFMD094","1028","coral","KI2016b","Platygyra_sp","37","alive","KI2016b.tag1028","recovery1","NO","25-01-2017","30.343","23.967","540.136","n","n","y","y","y","n","NONE","y","y","n","n","FALSE","","","KI2016b","KI16bFMD094","KIPlaty_plate3_data.txt",30.9109,24.02885,18.5527,NA,0.241476965775206,0.0339411254969531,1,2,2,0,0.0271353564870496,FALSE,0.0271353564870496,94,NA,"D",-3.60691773401669,-16.6111407886174,-3.60691548321518,4.60535902931952,-1.56646446856243,-7.21412678261458,-1.56646349105175,"FALSE"
"325","KI16bFMD096","1031","coral","KI2016b","Platygyra_sp","37","alive","KI2016b.tag1031","recovery1","NO","25-01-2017","24.26","21.129","400.082","n","n","n","y","y","y","Peysson_red","y","y","n","y","FALSE","small edge of bleaching","","KI2016b","KI16bFMD096","KIPlaty_plate3_data.txt",28.9943,22.79145,18.5209,NA,0.101469823100269,0.2134048265621,1,2,2,0,0.0625831320576705,FALSE,0.0625831320576705,96,NA,"D",-2.77125949313362,-16.6111407886174,-2.77125851721026,5.99407838909931,-1.20354270578993,-7.21412678261458,-1.2035422819518,"FALSE"
"326","KI16bFMD140","1036","coral","KI2016b","Platygyra_sp","40","alive","KI2016b.tag1036","recovery1","NO","20-01-2017","27.238","24.906","512.024","n","n","n","y","y","y","peysson_brown, peysson_yellow","y","n","n","y","FALSE","several patches of bleaching","","KI2016b","KI16bFMD140","KIPlaty_plate8_data.txt",NA,22.90065,17.59175,NA,0.116460486861424,0.215596857583778,0,2,2,0,0.0304707257405579,FALSE,0.0304707257405579,140,NA,"D",-3.49098886806804,-16.6111407886174,-3.49098686364224,4.75829369672465,-1.51611720178763,-7.21412678261458,-1.51611633127656,"FALSE"
"327","KI16bFMD152","1049","coral","KI2016b","Platygyra_sp","40","alive","KI2016b.tag1049","recovery1","NO","25-01-2017","25.442","14.94","243.67","n","n","n","y","y","y","Peysson_red, peysson_yellow","y","y","n","n","FALSE","","","KI2016b","KI16bFMD152","KIPlaty_plate9_data.txt",34.8749,23.16725,18.02155,2.48265190874597,0.0327390439689362,0.270751186516329,2,2,2,2.04026725952639e-06,0.0341201469946677,FALSE,0.0341221872619272,152,NA,"D",-3.37780745343301,-13.0729335942507,-3.37786545816396,3.87017593097286,-1.46696313795763,-5.67750292227074,-1.46698832909221,"FALSE"
"328","KI16bFMD131","1055","coral","KI2016b","Platygyra_sp","40","alive","KI2016b.tag1055","recovery1","NO","25-01-2017","26.356","21.716","430.98","n","n","n","y","y","y","Peysson_red","n","y","y","n","FALSE","","","KI2016b","KI16bFMD131","KIPlaty_plate8_data.txt",29.6036,23.5348,17.89615,NA,0.107197388027882,0.133006785541191,1,2,2,0,0.0242447749484598,FALSE,0.0242447749484598,131,NA,"D",-3.71955415085768,-16.6111407886174,-3.71955163170487,4.46589869785022,-1.61538184285783,-7.21412678261458,-1.61538074880366,"FALSE"
"330","KI17aFL101","62","coral","KI2017a","Platygyra_sp","8","alive","KI2017a.tag62","recovery2","NO","8/9/2017","32.722","31.356","777.952","n","n","n","y","y","y","Peysson_red","y","y","n","y","FALSE","one small spot","","KI2017a","KI17aFMD101","KIPlaty_plate9_data.txt",39.9852,23.6884,19.4179,NA,0.0694378859125204,0.638658844767688,1,2,2,0,0.0625853010613328,FALSE,0.0625853010613328,101,NA,"D",-2.77122483577459,-16.6111407886174,-2.77122385988506,5.99415335190799,-1.20352765429015,-7.21412678261458,-1.20352723046671,"FALSE"
"331","KI17aFL010","99","coral","KI2017a","Platygyra_sp","35","alive","KI2017a.tag99","recovery2","NO","18-09-2017","24.042","22.317","393.783","n","n","n","y","y","y","Peysson_red, peysson_yellow","y","y","n","y","FALSE","corallites bleaching in a few spots","","KI2017a","KI17aFMD010","KIPlaty_plate6_data.txt",NA,22.5072,17.94175,NA,0.242961890015697,0.323642773749082,0,2,2,0,0.051013315266327,FALSE,0.051013315266327,10,NA,"D",-2.97566859668075,-16.6111407886174,-2.97566739941817,5.58232441967991,-1.29231645151124,-7.21412678261458,-1.29231593154671,"FALSE"
"332","KI17aFL065","157","coral","KI2017a","Platygyra_sp","3","alive","KI2017a.tag157","recovery2","NO","2/10/2017","29.935","26.881","608.357","n","n","y","y","y","n","NONE","y","y","n","y","FALSE","small area bleaching","","KI2017a","KI17aFMD065","KIPlaty_plate6_data.txt",33.16835,24.1501,18.96155,4.36758645535495,0.558472935781137,0.126359981798035,2,2,2,1.27755026226914e-05,0.0331216343327268,FALSE,0.0331344098353495,65,NA,"D",-3.40718296451502,-11.2632117287932,-3.40756676088705,3.30535320923872,-1.47972076032364,-4.89155070232287,-1.47988744097018,"FALSE"
"334","KI17aFL072","223","coral","KI2017a","Platygyra_sp","3","alive","KI2017a.tag223","recovery2","NO","7/9/2017","29.172","25.715","250.519","n","n","n","y","y","y","Caulerpa, Peysson_red","y","y","n","y","FALSE","two small areas of bleaching, other areas of lightening","","KI2017a","KI17aFMD072","KIPlaty_plate8_data.txt",35.9986,26.03665,17.17675,1.34859405307898,0.128764144854072,0.293802867583009,2,2,2,5.21326154862368e-07,0.00259971226798984,FALSE,0.0026002335941447,72,NA,"D",-5.95215399408861,-14.3561040048014,-5.9523310130009,2.41184570774798,-2.58498763507109,-6.23477675091443,-2.58506451340788,"FALSE"
"335","KI17aFL228","328","coral","KI2017a","Platygyra_sp","34","alive","KI2017a.tag328","recovery2","NO","14-09-2017","20.664","14.224","256.557","n","n","n","y","y","y","Peysson_red","y","y","n","y","FALSE","several small areas of bleaching and lightening","","KI2017a","KI17aFMD228","KIPlaty_plate8_data.txt",38.4367,25.55225,16.618,NA,0.377807153187974,0.072549155749739,1,2,2,0,0.00246912856296247,FALSE,0.00246912856296247,228,NA,"D",-6.00388999911103,-16.6111407886174,-6.00386526341459,2.76674110091041,-2.60745629656804,-7.21412678261458,-2.60744555399157,"FALSE"
"336","KI17aFL052","379","coral","KI2017a","Platygyra_sp","25","alive","KI2017a.tag379","recovery2","NO","2/10/2017","22.732","16.36","55.144","n","n","n","y","y","y","Peysson_brown","y","y","y","y","FALSE","several bleached patches","","KI2017a","KI17aFMD052","KIPlaty_plate9_data.txt",NA,22.50205,17.70645,NA,0.0931259630822698,0.0651245345472825,0,2,2,0,0.0434912104342633,FALSE,0.0434912104342633,52,NA,"D",-3.13519642028662,-16.6111407886174,-3.13519501594936,5.29827991691529,-1.36159850501331,-7.21412678261458,-1.36159789511739,"FALSE"
"340","KI17aFL222","783","coral","KI2017a","Platygyra_sp","34","alive","KI2017a.tag783","recovery2","NO","14-09-2017","27.708","21.591","399.167","n","n","n","y","y","y","Caulerpa","y","y","n","y","FALSE","Several small spots of bleaching","","KI2017a","KI17aFMD222","KIPlaty_plate9_data.txt",35.7961,22.807,17.89225,NA,0.0407293505963457,0.242184072556393,1,2,2,0,0.0400436605314148,FALSE,0.0400436605314148,222,NA,"D",-3.21778490685033,-16.6111407886174,-3.21778338160707,5.16229305041698,-1.39746622899667,-7.21412678261458,-1.39746556659194,"FALSE"
"341","KI17aFL017","788","coral","KI2017a","Platygyra_sp","5","alive","KI2017a.tag788","recovery2","NO","7/9/2017","16.643","14.603","311.37","n","n","n","y","y","n","NONE","y","y","n","y","FALSE","3cm scale used, several small spots of bleaching","","KI2017a","KI17aFMD017","KIPlaty_plate8_data.txt",37.8065,23.03895,18.0572,1.57034273965908,0.0980757105505742,0.283832661968279,2,2,2,2.74106443338319e-07,0.0382265198263657,FALSE,0.0382267939328091,17,NA,"D",-3.26421859739029,-14.90858974251,-3.26422417020049,4.56726896351433,-1.41763212457258,-6.47471825813153,-1.41763454481329,"FALSE"
"342","KI17aFL019","792","coral","KI2017a","Platygyra_sp","5","alive","KI2017a.tag792","recovery2","NO","7/9/2017","29.682","26.761","589.986","n","n","n","y","y","y","Caulerpa","y","y","n","y","FALSE","3cm scale used, several small spots of bleaching","","KI2017a","KI17aFMD019","KIPlaty_plate8_data.txt",34.68525,23.35905,17.9751,7.09362451818533,0.0372645273685321,0.0664680374315338,2,2,2,2.25317309033873e-06,0.0289261408804208,FALSE,0.0289283940535111,19,NA,"D",-3.54293167299322,-12.9764251301897,-3.54300745251196,3.66254525402974,-1.53867567534121,-5.63558982887207,-1.53870858596804,"FALSE"
"343","KI17aFL020","797","coral","KI2017a","Platygyra_sp","5","alive","KI2017a.tag797","recovery2","NO","7/9/2017","19.525","17.428","134.401","n","n","n","y","y","y","Halimeda","y","y","n","y","FALSE","several bleached patches","","KI2017a","KI17aFMD020","KIPlaty_plate8_data.txt",NA,22.6015,18.3337,NA,0.0582655987697714,0.189080353289284,0,2,2,0,0.0627025389597572,FALSE,0.0627025389597572,20,NA,"D",-2.76935333838708,-16.6111407886174,-2.76935236432221,5.99820412982475,-1.20271487330186,-7.21412678261458,-1.20271445027086,"FALSE"
"344","KI17aFL022","807","coral","KI2017a","Platygyra_sp","5","alive","KI2017a.tag807","recovery2","NO","7/9/2017","59.424","45.15","2107.969","n","n","n","y","y","y","Halimeda, Caulerpa","y","y","n","n","FALSE","","","KI2017a","KI17aFMD022","KIPlaty_plate10_data.txt",38.9278,23.2194,18.65595,NA,0.00014142135623698,0.491368502246532,1,2,2,0,0.0510840837792842,FALSE,0.0510840837792842,22,NA,"D",-2.97428230231963,-16.6111407886174,-2.97428110671566,5.58492630407764,-1.29171439151991,-7.21412678261458,-1.29171387227571,"FALSE"
"345","KI17aFL026","813","coral","KI2017a","Platygyra_sp","5","alive","KI2017a.tag813","recovery2","NO","7/9/2017","17.744","16.057","228.738","n","n","n","y","y","y","Halimeda, Caulerpa","y","y","n","y","FALSE","small area bleaching","","KI2017a","KI17aFMD026","KIPlaty_plate10_data.txt",NA,22.5233,17.28615,NA,0.0292742207411227,0.217293913858627,0,2,2,0,0.0320244515232975,FALSE,0.0320244515232975,26,NA,"D",-3.44125555786286,-16.6111407886174,-3.44125365068541,4.82706085478729,-1.49451829959874,-7.21412678261458,-1.4945174713221,"FALSE"
"346","KI17aFL027","820","coral","KI2017a","Platygyra_sp","5","alive","KI2017a.tag820","recovery2","NO","8/9/2017","33.427","29.923","694.86","n","n","n","y","y","y","Halimeda","y","y","n","y","FALSE","one bleached spot","","KI2017a","KI17aFMD027","KIPlaty_plate9_data.txt",32.16205,22.76735,17.71955,6.0045386538018,0.420516402771639,0.649760421232316,2,2,2,1.08498872594656e-05,0.036515876541638,FALSE,0.0365267264288975,27,NA,"D",-3.30971105541527,-11.4257424366792,-3.31000646662757,3.45187918871966,-1.43738924806104,-4.96213689189758,-1.43751754352043,"FALSE"
"347","KI17aFL034","824","coral","KI2017a","Platygyra_sp","5","alive","KI2017a.tag824","recovery2","NO","8/9/2017","23.485","2.895","399.13","n","n","n","y","y","n","NONE","y","y","y","y","FALSE","one small patch","","KI2017a","KI17aFMD034","KIPlaty_plate8_data.txt",32.7882,23.92755,18.43235,3.9371705576467,0.511733177544705,0.0914289068074211,2,2,2,1.15215119497676e-05,0.0267794041760718,FALSE,0.0267909256880216,34,NA,"D",-3.61969204253166,-11.366007594408,-3.62011990708719,3.13967710631807,-1.57201228026061,-4.93619437952183,-1.57219809947608,"FALSE"
"348","KI17aFL224","857","coral","KI2017a","Platygyra_sp","34","alive","KI2017a.tag857","recovery2","NO","14-09-2017","23.98","13.489","316.138","n","n","n","y","y","y","peysson_brown, peysson_red","y","y","n","y","FALSE","Several small spots of bleaching","","KI2017a","KI17aFMD224","KIPlaty_plate9_data.txt",36.04025,23.8275,18.225,1.59148523241656,0.141987041662259,0.293449314192419,2,2,2,1.0474331329314e-06,0.0248599580517471,FALSE,0.02486100548488,224,NA,"D",-3.69445474782529,-13.7124942351425,-3.69449442346636,3.71160236378886,-1.60448131062179,-5.95526057945253,-1.60449854153377,"FALSE"
"350","KI17aFL104","906","coral","KI2017a","Platygyra_sp","8","alive","KI2017a.tag906","recovery2","NO","8/9/2017","27.726","13.428","375.092","n","n","n","y","y","y","Caulerpa","y","n","n","y","FALSE","large areas bleaching; DC edited 2 to 1","","KI2017a","KI17aFMD104","KIPlaty_plate9_data.txt",36.8524,22.7876,18.27485,NA,0.109035865658965,0.112642110243018,1,2,2,0,0.0529112265633005,FALSE,0.0529112265633005,104,NA,"D",-2.93913974026524,-16.6111407886174,-2.93913858594811,5.65170382507124,-1.27645217073975,-7.21412678261458,-1.27645166942619,"FALSE"
"351","KI17aFL110","909","coral","KI2017a","Platygyra_sp","8","alive","KI2017a.tag909","recovery2","NO","8/9/2017","18.76","16.003","222.155","n","n","n","y","y","y","peysson_brown, peysson_RED","y","y","n","y","FALSE","3cm scale used, bleaching around one hole","","KI2017a","KI17aFMD110","KIPlaty_plate8_data.txt",32.4762,23.29315,17.79105,5.43468129884357,0.138946482503157,0.204000306372321,2,2,2,9.17023144884764e-06,0.0266516316966812,FALSE,0.02666080192813,110,NA,"D",-3.62456088485913,-11.5929098273041,-3.62490261169891,3.19813001041447,-1.57412679161669,-5.03473676720013,-1.57427520169752,"FALSE"
"352","KI17aFL121","919","coral","KI2017a","Platygyra_sp","8","alive","KI2017a.tag919","recovery2","NO","8/9/2017","20.152","19.944","175.215","n","n","n","y","y","y","Caulerpa","y","y","n","y","3","all pale","","KI2017a","KI17aFMD121","KIPlaty_plate10_data.txt",38.6864,23.58065,17.169,NA,0.087610530189015,0.306742921678723,1,2,2,0,0.0141880258312673,FALSE,0.0141880258312673,121,NA,"D",-4.25535692143052,-16.6111407886174,-4.25535261665695,3.90358738394453,-1.84807802950608,-7.21412678261458,-1.84807615996668,"3"
"353","KI17aFL008","925","coral","KI2017a","Platygyra_sp","35","alive","KI2017a.tag925","recovery2","NO","21-09-2017","34.088","32.276","861.982","n","n","n","y","y","y","Caulerpa, Peysson_red, Peysson_Yellow","y","y","n","y","FALSE","one small patch","","KI2017a","KI17aFMD008","KIPlaty_plate3_data.txt",29.15235,23.5169,19.2698,0.0248194480196478,0.51406662992262,0.199686955007083,2,2,2,0.000255921607042627,0.0636086894275338,FALSE,0.0638646110345764,8,NA,"D",-2.75098988893769,-8.27040075869202,-2.75500423156085,3.0019557371084,-1.19473972853728,-3.59178941262841,-1.19648313538699,"FALSE"
"355","KI17aFL074","1005","coral","KI2017a","Platygyra_sp","37","alive","KI2017a.tag1005","recovery2","NO","21-09-2017","25.38","18.391","283.31","n","n","n","y","y","y","Peysson_red, peysson_yellow","y","y","n","y","FALSE","small spots of bleaching","","KI2017a","KI17aFMD074","KIPlaty_plate10_data.txt",NA,22.8813,18.6217,NA,0.0588312841947193,0.0472347329832618,0,2,2,0,0.0630599428272278,FALSE,0.0630599428272278,74,NA,"D",-2.76366953150649,-16.6111407886174,-2.76366856296231,6.01054012454096,-1.20024642733741,-7.21412678261458,-1.20024600670402,"FALSE"
"356","KI17aFL078","1011","coral","KI2017a","Platygyra_sp","37","alive","KI2017a.tag1011","recovery2","NO","21-09-2017","20.503","17.732","284.662","n","n","n","y","y","n","NONE","y","y","n","y","FALSE","one spot of bleaching","","KI2017a","KI17aFMD078","KIPlaty_plate9_data.txt",29.11565,23.66515,18.06435,0.298045508270129,0.357301056533561,0.158604051020142,2,2,2,0.000113835612011699,0.0248892690543836,FALSE,0.0250031046663953,78,NA,"D",-3.68875527516865,-9.08021876272136,-3.69331607615268,2.45855447394586,-1.60200606109726,-3.94348890312426,-1.60398679179768,"FALSE"
"357","KI17aFL079","1013","coral","KI2017a","Platygyra_sp","37","alive","KI2017a.tag1013","recovery2","NO","21-09-2017","22.912","22.124","386.699","n","n","n","y","y","n","NONE","y","y","n","n","FALSE","","","KI2017a","KI17aFMD079","KIPlaty_plate6_data.txt",38.7883,24.6907,16.8009,NA,0.00735391052434054,0.140148564031174,1,2,2,0,0.00509277491833366,FALSE,0.00509277491833366,79,NA,"D",-5.2799324263752,-16.6111407886174,-5.27992043369837,3.14609680149706,-2.2930455175968,-7.21412678261458,-2.29304030924343,"FALSE"
"358","KI17aFL084","1017","coral","KI2017a","Platygyra_sp","37","alive","KI2017a.tag1017","recovery2","NO","21-09-2017","22.484","19.186","312.789","n","n","n","y","y","y","Halimeda","y","y","y","y","FALSE","three small areas of bleaching","","KI2017a","KI17aFMD084","KIPlaty_plate6_data.txt",NA,24.05245,18.69805,NA,0.0574877813104655,0.182221417511773,0,2,2,0,0.0295247299099365,FALSE,0.0295247299099365,84,NA,"D",-3.52252706478352,-16.6111407886174,-3.52252499613439,4.71569138809418,-1.52981406659034,-7.21412678261458,-1.52981316818744,"FALSE"
"359","KI17aFL085","1020","coral","KI2017a","Platygyra_sp","37","alive","KI2017a.tag1020","recovery2","NO","21-09-2017","32.066","27.194","600.129","n","n","n","y","y","n","NONE","y","y","n","y","FALSE","several small areas of bleaching and lightening","","KI2017a","KI17aFMD085","KIPlaty_plate7_data.txt",NA,23.0128,18.57875,NA,0.0562856997824511,0.321945717474236,0,2,2,0,0.0558777473794517,FALSE,0.0558777473794517,85,NA,"D",-2.88458905715517,-16.6111407886174,-2.88458796412012,5.75858354650118,-1.25276111008099,-7.21412678261458,-1.2527606353819,"FALSE"
"360","KI17aFL089","1022","coral","KI2017a","Platygyra_sp","37","alive","KI2017a.tag1022","recovery2","NO","21-09-2017","16.51","14.973","186.128","n","n","n","y","y","y","Caulerpa","y","y","n","y","FALSE","several small areas of bleaching and lightening","","KI2017a","KI17aFMD089","KIPlaty_plate7_data.txt",37.34875,24.5741,18.18205,1.7576553259954,0.120490995514188,0.767705832334237,2,2,2,4.10486917076034e-07,0.0143820951747861,FALSE,0.0143825056617032,89,NA,"D",-4.24174269557467,-14.5672125189046,-4.24176699000568,3.43423213798104,-1.84216544634151,-6.32646001367223,-1.84217599727883,"FALSE"
"361","KI17aFL087","1023","coral","KI2017a","Platygyra_sp","37","alive","KI2017a.tag1023","recovery2","NO","21-09-2017","24.497","17.609","333.967","n","n","n","y","y","n","NONE","y","y","y","y","FALSE","several small areas of bleaching and lightening","","KI2017a","KI17aFMD087","KIPlaty_plate6_data.txt",31.522,25.57585,19.1586,0.49511616818682,0.49674251378355,0.556068772725101,2,2,2,4.58454974530467e-05,0.0141330599940689,FALSE,0.0141789054915219,87,NA,"D",-4.25599994763281,-9.98890223060718,-4.25923422412614,2.3452343085585,-1.84835729223746,-4.33812511902378,-1.84976192067146,"FALSE"
"362","KI17aFL088","1024","coral","KI2017a","Platygyra_sp","37","alive","KI2017a.tag1024","recovery2","NO","21-09-2017","25.152","14.657","246.983","n","n","n","y","y","n","NONE","y","y","y","y","FALSE","one spot of bleaching","","KI2017a","KI17aFMD088","KIPlaty_plate6_data.txt",NA,22.5836,18.26535,NA,0.027011479041326,0.0550836182544318,0,2,2,0,0.0605477715186473,FALSE,0.0605477715186473,88,NA,"D",-2.80432261364633,-16.6111407886174,-2.80432160491656,5.92340791423303,-1.2179018365831,-7.21412678261458,-1.21790139849733,"FALSE"
"363","KI17aFL095","1028","coral","KI2017a","Platygyra_sp","37","alive","KI2017a.tag1028","recovery2","NO","21-09-2017","22.604","19.348","319.293","n","n","y","y","y","n","NONE","y","y","n","y","FALSE","3cm scale used, small spots of bleaching","","KI2017a","KI17aFMD095","KIPlaty_plate5_data.txt",33.075,24.30155,18.2689,4.92627152317044,0.0299106168441916,0.257386868351904,2,2,2,8.43277900479442e-06,0.0184506783912469,FALSE,0.0184591111702517,95,NA,"D",-3.99219720002374,-11.6761675529671,-3.99265082975313,2.92441489397385,-1.73378921463992,-5.07089513803141,-1.73398622352823,"FALSE"
"364","KI17aFL099","1031","coral","KI2017a","Platygyra_sp","37","alive","KI2017a.tag1031","recovery2","NO","21-09-2017","25.269","24.632","446.367","n","n","y","y","y","n","NONE","y","y","n","y","FALSE","small spots of bleaching","","KI2017a","KI17aFMD099","KIPlaty_plate7_data.txt",37.1903,22.6814,18.2751,NA,0.00537401153701529,0.857437682866806,1,2,2,0,0.056962949976904,FALSE,0.056962949976904,99,NA,"D",-2.86535422289463,-16.6111407886174,-2.865353150683,5.79724031038125,-1.24440752770132,-7.21412678261458,-1.24440706204573,"FALSE"
"365","KI17aFL270","1036","coral","KI2017a","Platygyra_sp","40","alive","KI2017a.tag1036","recovery2","NO","25-09-2017","20.233","18.328","314.526","n","n","n","y","y","y","Halimeda, Peysson_yellow","y","y","n","y","FALSE","several areas of bleaching","","KI2017a","KI17aFMD270","KIPlaty_plate6_data.txt",NA,23.61605,17.5053,NA,0.390676496605566,0.381130555059548,0,2,2,0,0.0174784089371436,FALSE,0.0174784089371436,270,NA,"D",-4.04678893480003,-16.6111407886174,-4.04678544041656,4.10477427904049,-1.75749810381079,-7.21412678261458,-1.75749658621933,"FALSE"
"366","KI17aFL280","1049","coral","KI2017a","Platygyra_sp","40","alive","KI2017a.tag1049","recovery2","NO","25-09-2017","26.319","19.943","403.784","n","n","n","y","y","y","Peysson_red, peysson_yellow","y","y","n","n","FALSE","","","KI2017a","KI17aFMD280","KIPlaty_plate10_data.txt",NA,24.47775,17.19175,NA,0.0355674710936833,0.498580991414633,0,2,2,0,0.00773956218091928,FALSE,0.00773956218091928,280,NA,"D",-4.86141015875311,-16.6111407886174,-4.86140226733398,3.41694430436983,-2.11128360621489,-7.21412678261458,-2.11128017901511,"FALSE"
"367","KI15cFMD501","783","coral","KI2015c","Platygyra_sp","34","alive","KI2015c.tag783","during","JL","16-12-2015","20.845","18.162","325.976","n","n","n","y","y","n","NONE","n","y","n","y","FALSE","many patches <5cm *CCA","","KI2015c","KI15cFMD501","KIPlaty_plate8_data.txt",24.34525,26.7144,17.5886,0.101611244456509,0.00155563491860929,0.145805418280668,2,2,2,0.00223406918174533,0.00216212803357787,FALSE,0.00439619721532319,501,NA,"C",-5.42701538099864,-6.10390327291078,-6.13663409367926,0.994666323546618,-2.35692283317179,-2.65089150949635,-2.66510632434426,"FALSE"
